"time","state","region","num","vol","cat","pop","pden","vote","div"
"2014-11-11","AK","West",0,0,"N",738432,1,58.4,61
"2014-11-11","AL","South",0,0,"N",4858979,95,64.4,50
"2014-11-11","AR","South",0,0,"N",2978204,57,64.3,46
"2014-11-11","AZ","West",0,0,"N",6828065,60,51.9,65
"2014-11-11","CA","West",0,0,"N",39144818,251,33.9,79
"2014-11-11","CO","West",0,0,"N",5456574,52,47.3,52
"2014-11-11","CT","Northeast",0,0,"N",3590886,741,42.9,56
"2014-11-11","DC","South",0,0,"N",672228,11000,4.3,69
"2014-11-11","DE","South",0,0,"N",945934,485,44.0,56
"2014-11-11","FL","South",0,0,"N",20271272,378,50.6,62
"2014-11-11","GA","South",0,0,"N",10214860,177,52.7,62
"2014-11-11","HI","West",0,0,"N",1431603,222,32.6,83
"2014-11-11","IA","Midwest",0,0,"N",3123899,55,55.1,27
"2014-11-11","ID","West",0,0,"N",1654930,20,68.3,34
"2014-11-11","IL","Midwest",0,0,"N",12859995,231,41.0,61
"2014-11-11","IN","Midwest",0,0,"N",6619680,184,60.1,37
"2014-11-11","KS","Midwest",0,0,"N",2911641,36,61.1,43
"2014-11-11","KY","South",0,0,"N",4425092,112,65.7,28
"2014-11-11","LA","South",0,0,"N",4670724,108,60.2,55
"2014-11-11","MA","Northeast",0,0,"N",6794422,871,35.3,49
"2014-11-11","MD","South",0,0,"N",6006401,618,36.0,66
"2014-11-11","ME","Northeast",0,0,"N",1329328,43,48.4,13
"2014-11-11","MI","Midwest",0,0,"N",9922576,175,50.1,42
"2014-11-11","MN","Midwest",0,0,"N",5489594,68,49.2,36
"2014-11-11","MO","Midwest",0,0,"N",6083672,88,59.8,36
"2014-11-11","MS","South",0,0,"N",2992333,63,59.1,54
"2014-11-11","MT","West",0,0,"N",1032949,7,61.1,26
"2014-11-11","NC","South",0,0,"N",8382993,212,51.9,56
"2014-11-11","ND","Midwest",0,0,"N",756927,10,69.8,27
"2014-11-11","NE","Midwest",0,0,"N",1896190,24,63.5,36
"2014-11-11","NH","Northeast",0,0,"N",1330608,148,49.8,18
"2014-11-11","NJ","Northeast",0,0,"N",8958013,1218,42.7,67
"2014-11-11","NM","West",0,0,"N",2085109,17,45.3,73
"2014-11-11","NV","West",0,0,"N",2890845,26,48.7,72
"2014-11-11","NY","Northeast",0,0,"N",19795791,420,38.2,70
"2014-11-11","OH","Midwest",0,0,"N",11613423,284,54.3,36
"2014-11-11","OK","South",0,0,"N",3911338,57,69.3,56
"2014-11-11","OR","West",0,0,"N",4028977,41,43.8,43
"2014-11-11","PA","Northeast",0,0,"N",12802503,286,50.4,41
"2014-11-11","RI","Northeast",0,0,"N",1056298,1021,41.7,51
"2014-11-11","SC","South",0,0,"N",4896146,162,57.5,53
"2014-11-11","SD","Midwest",0,0,"N",858469,11,66.0,33
"2014-11-11","TN","South",0,0,"N",6600299,160,63.6,43
"2014-11-11","TX","South",0,0,"N",27469114,105,54.7,70
"2014-11-11","UT","West",0,0,"N",2995919,36,62.4,42
"2014-11-11","VA","South",1,20,"N",10042802,206,47.2,58
"2014-11-11","VT","Northeast",0,0,"N",626042,67,34.8,13
"2014-11-11","WA","West",0,0,"N",7170351,107,41.2,53
"2014-11-11","WI","Midwest",0,0,"N",5771337,106,50.4,35
"2014-11-11","WV","South",0,0,"N",1844128,76,72.2,15
"2014-11-11","WY","West",0,0,"N",586107,6,75.7,31
"2014-11-12","AK","West",0,0,"N",738432,1,58.4,61
"2014-11-12","AL","South",0,0,"N",4858979,95,64.4,50
"2014-11-12","AR","South",0,0,"N",2978204,57,64.3,46
"2014-11-12","AZ","West",0,0,"N",6828065,60,51.9,65
"2014-11-12","CA","West",0,0,"N",39144818,251,33.9,79
"2014-11-12","CO","West",0,0,"N",5456574,52,47.3,52
"2014-11-12","CT","Northeast",0,0,"N",3590886,741,42.9,56
"2014-11-12","DC","South",0,0,"N",672228,11000,4.3,69
"2014-11-12","DE","South",0,0,"N",945934,485,44.0,56
"2014-11-12","FL","South",0,0,"N",20271272,378,50.6,62
"2014-11-12","GA","South",0,0,"N",10214860,177,52.7,62
"2014-11-12","HI","West",0,0,"N",1431603,222,32.6,83
"2014-11-12","IA","Midwest",0,0,"N",3123899,55,55.1,27
"2014-11-12","ID","West",0,0,"N",1654930,20,68.3,34
"2014-11-12","IL","Midwest",0,0,"N",12859995,231,41.0,61
"2014-11-12","IN","Midwest",0,0,"N",6619680,184,60.1,37
"2014-11-12","KS","Midwest",0,0,"N",2911641,36,61.1,43
"2014-11-12","KY","South",0,0,"N",4425092,112,65.7,28
"2014-11-12","LA","South",0,0,"N",4670724,108,60.2,55
"2014-11-12","MA","Northeast",0,0,"N",6794422,871,35.3,49
"2014-11-12","MD","South",0,0,"N",6006401,618,36.0,66
"2014-11-12","ME","Northeast",0,0,"N",1329328,43,48.4,13
"2014-11-12","MI","Midwest",0,0,"N",9922576,175,50.1,42
"2014-11-12","MN","Midwest",0,0,"N",5489594,68,49.2,36
"2014-11-12","MO","Midwest",0,0,"N",6083672,88,59.8,36
"2014-11-12","MS","South",0,0,"N",2992333,63,59.1,54
"2014-11-12","MT","West",0,0,"N",1032949,7,61.1,26
"2014-11-12","NC","South",0,0,"N",8382993,212,51.9,56
"2014-11-12","ND","Midwest",0,0,"N",756927,10,69.8,27
"2014-11-12","NE","Midwest",0,0,"N",1896190,24,63.5,36
"2014-11-12","NH","Northeast",0,0,"N",1330608,148,49.8,18
"2014-11-12","NJ","Northeast",0,0,"N",8958013,1218,42.7,67
"2014-11-12","NM","West",0,0,"N",2085109,17,45.3,73
"2014-11-12","NV","West",0,0,"N",2890845,26,48.7,72
"2014-11-12","NY","Northeast",0,0,"N",19795791,420,38.2,70
"2014-11-12","OH","Midwest",0,0,"N",11613423,284,54.3,36
"2014-11-12","OK","South",0,0,"N",3911338,57,69.3,56
"2014-11-12","OR","West",0,0,"N",4028977,41,43.8,43
"2014-11-12","PA","Northeast",0,0,"N",12802503,286,50.4,41
"2014-11-12","RI","Northeast",0,0,"N",1056298,1021,41.7,51
"2014-11-12","SC","South",0,0,"N",4896146,162,57.5,53
"2014-11-12","SD","Midwest",0,0,"N",858469,11,66.0,33
"2014-11-12","TN","South",0,0,"N",6600299,160,63.6,43
"2014-11-12","TX","South",0,0,"N",27469114,105,54.7,70
"2014-11-12","UT","West",0,0,"N",2995919,36,62.4,42
"2014-11-12","VA","South",1,20,"N",10042802,206,47.2,58
"2014-11-12","VT","Northeast",0,0,"N",626042,67,34.8,13
"2014-11-12","WA","West",0,0,"N",7170351,107,41.2,53
"2014-11-12","WI","Midwest",0,0,"N",5771337,106,50.4,35
"2014-11-12","WV","South",0,0,"N",1844128,76,72.2,15
"2014-11-12","WY","West",0,0,"N",586107,6,75.7,31
"2014-11-13","AK","West",0,0,"N",738432,1,58.4,61
"2014-11-13","AL","South",0,0,"N",4858979,95,64.4,50
"2014-11-13","AR","South",0,0,"N",2978204,57,64.3,46
"2014-11-13","AZ","West",0,0,"N",6828065,60,51.9,65
"2014-11-13","CA","West",0,0,"N",39144818,251,33.9,79
"2014-11-13","CO","West",0,0,"N",5456574,52,47.3,52
"2014-11-13","CT","Northeast",0,0,"N",3590886,741,42.9,56
"2014-11-13","DC","South",0,0,"N",672228,11000,4.3,69
"2014-11-13","DE","South",0,0,"N",945934,485,44.0,56
"2014-11-13","FL","South",0,0,"N",20271272,378,50.6,62
"2014-11-13","GA","South",0,0,"N",10214860,177,52.7,62
"2014-11-13","HI","West",0,0,"N",1431603,222,32.6,83
"2014-11-13","IA","Midwest",0,0,"N",3123899,55,55.1,27
"2014-11-13","ID","West",0,0,"N",1654930,20,68.3,34
"2014-11-13","IL","Midwest",0,0,"N",12859995,231,41.0,61
"2014-11-13","IN","Midwest",0,0,"N",6619680,184,60.1,37
"2014-11-13","KS","Midwest",0,0,"N",2911641,36,61.1,43
"2014-11-13","KY","South",0,0,"N",4425092,112,65.7,28
"2014-11-13","LA","South",0,0,"N",4670724,108,60.2,55
"2014-11-13","MA","Northeast",0,0,"N",6794422,871,35.3,49
"2014-11-13","MD","South",0,0,"N",6006401,618,36.0,66
"2014-11-13","ME","Northeast",0,0,"N",1329328,43,48.4,13
"2014-11-13","MI","Midwest",0,0,"N",9922576,175,50.1,42
"2014-11-13","MN","Midwest",0,0,"N",5489594,68,49.2,36
"2014-11-13","MO","Midwest",0,0,"N",6083672,88,59.8,36
"2014-11-13","MS","South",0,0,"N",2992333,63,59.1,54
"2014-11-13","MT","West",0,0,"N",1032949,7,61.1,26
"2014-11-13","NC","South",0,0,"N",8382993,212,51.9,56
"2014-11-13","ND","Midwest",0,0,"N",756927,10,69.8,27
"2014-11-13","NE","Midwest",0,0,"N",1896190,24,63.5,36
"2014-11-13","NH","Northeast",0,0,"N",1330608,148,49.8,18
"2014-11-13","NJ","Northeast",0,0,"N",8958013,1218,42.7,67
"2014-11-13","NM","West",0,0,"N",2085109,17,45.3,73
"2014-11-13","NV","West",0,0,"N",2890845,26,48.7,72
"2014-11-13","NY","Northeast",0,0,"N",19795791,420,38.2,70
"2014-11-13","OH","Midwest",0,0,"N",11613423,284,54.3,36
"2014-11-13","OK","South",0,0,"N",3911338,57,69.3,56
"2014-11-13","OR","West",0,0,"N",4028977,41,43.8,43
"2014-11-13","PA","Northeast",0,0,"N",12802503,286,50.4,41
"2014-11-13","RI","Northeast",0,0,"N",1056298,1021,41.7,51
"2014-11-13","SC","South",0,0,"N",4896146,162,57.5,53
"2014-11-13","SD","Midwest",0,0,"N",858469,11,66.0,33
"2014-11-13","TN","South",0,0,"N",6600299,160,63.6,43
"2014-11-13","TX","South",0,0,"N",27469114,105,54.7,70
"2014-11-13","UT","West",0,0,"N",2995919,36,62.4,42
"2014-11-13","VA","South",1,20,"N",10042802,206,47.2,58
"2014-11-13","VT","Northeast",0,0,"N",626042,67,34.8,13
"2014-11-13","WA","West",0,0,"N",7170351,107,41.2,53
"2014-11-13","WI","Midwest",0,0,"N",5771337,106,50.4,35
"2014-11-13","WV","South",0,0,"N",1844128,76,72.2,15
"2014-11-13","WY","West",0,0,"N",586107,6,75.7,31
"2014-11-14","AK","West",0,0,"N",738432,1,58.4,61
"2014-11-14","AL","South",0,0,"N",4858979,95,64.4,50
"2014-11-14","AR","South",0,0,"N",2978204,57,64.3,46
"2014-11-14","AZ","West",0,0,"N",6828065,60,51.9,65
"2014-11-14","CA","West",0,0,"N",39144818,251,33.9,79
"2014-11-14","CO","West",0,0,"N",5456574,52,47.3,52
"2014-11-14","CT","Northeast",0,0,"N",3590886,741,42.9,56
"2014-11-14","DC","South",0,0,"N",672228,11000,4.3,69
"2014-11-14","DE","South",0,0,"N",945934,485,44.0,56
"2014-11-14","FL","South",0,0,"N",20271272,378,50.6,62
"2014-11-14","GA","South",0,0,"N",10214860,177,52.7,62
"2014-11-14","HI","West",0,0,"N",1431603,222,32.6,83
"2014-11-14","IA","Midwest",0,0,"N",3123899,55,55.1,27
"2014-11-14","ID","West",0,0,"N",1654930,20,68.3,34
"2014-11-14","IL","Midwest",0,0,"N",12859995,231,41.0,61
"2014-11-14","IN","Midwest",0,0,"N",6619680,184,60.1,37
"2014-11-14","KS","Midwest",0,0,"N",2911641,36,61.1,43
"2014-11-14","KY","South",0,0,"N",4425092,112,65.7,28
"2014-11-14","LA","South",0,0,"N",4670724,108,60.2,55
"2014-11-14","MA","Northeast",0,0,"N",6794422,871,35.3,49
"2014-11-14","MD","South",0,0,"N",6006401,618,36.0,66
"2014-11-14","ME","Northeast",0,0,"N",1329328,43,48.4,13
"2014-11-14","MI","Midwest",0,0,"N",9922576,175,50.1,42
"2014-11-14","MN","Midwest",0,0,"N",5489594,68,49.2,36
"2014-11-14","MO","Midwest",0,0,"N",6083672,88,59.8,36
"2014-11-14","MS","South",0,0,"N",2992333,63,59.1,54
"2014-11-14","MT","West",0,0,"N",1032949,7,61.1,26
"2014-11-14","NC","South",0,0,"N",8382993,212,51.9,56
"2014-11-14","ND","Midwest",0,0,"N",756927,10,69.8,27
"2014-11-14","NE","Midwest",0,0,"N",1896190,24,63.5,36
"2014-11-14","NH","Northeast",0,0,"N",1330608,148,49.8,18
"2014-11-14","NJ","Northeast",0,0,"N",8958013,1218,42.7,67
"2014-11-14","NM","West",0,0,"N",2085109,17,45.3,73
"2014-11-14","NV","West",0,0,"N",2890845,26,48.7,72
"2014-11-14","NY","Northeast",0,0,"N",19795791,420,38.2,70
"2014-11-14","OH","Midwest",0,0,"N",11613423,284,54.3,36
"2014-11-14","OK","South",0,0,"N",3911338,57,69.3,56
"2014-11-14","OR","West",0,0,"N",4028977,41,43.8,43
"2014-11-14","PA","Northeast",0,0,"N",12802503,286,50.4,41
"2014-11-14","RI","Northeast",0,0,"N",1056298,1021,41.7,51
"2014-11-14","SC","South",0,0,"N",4896146,162,57.5,53
"2014-11-14","SD","Midwest",0,0,"N",858469,11,66.0,33
"2014-11-14","TN","South",0,0,"N",6600299,160,63.6,43
"2014-11-14","TX","South",0,0,"N",27469114,105,54.7,70
"2014-11-14","UT","West",0,0,"N",2995919,36,62.4,42
"2014-11-14","VA","South",1,20,"N",10042802,206,47.2,58
"2014-11-14","VT","Northeast",0,0,"N",626042,67,34.8,13
"2014-11-14","WA","West",0,0,"N",7170351,107,41.2,53
"2014-11-14","WI","Midwest",0,0,"N",5771337,106,50.4,35
"2014-11-14","WV","South",0,0,"N",1844128,76,72.2,15
"2014-11-14","WY","West",0,0,"N",586107,6,75.7,31
"2014-11-15","AK","West",0,0,"N",738432,1,58.4,61
"2014-11-15","AL","South",0,0,"N",4858979,95,64.4,50
"2014-11-15","AR","South",0,0,"N",2978204,57,64.3,46
"2014-11-15","AZ","West",0,0,"N",6828065,60,51.9,65
"2014-11-15","CA","West",0,0,"N",39144818,251,33.9,79
"2014-11-15","CO","West",0,0,"N",5456574,52,47.3,52
"2014-11-15","CT","Northeast",0,0,"N",3590886,741,42.9,56
"2014-11-15","DC","South",0,0,"N",672228,11000,4.3,69
"2014-11-15","DE","South",0,0,"N",945934,485,44.0,56
"2014-11-15","FL","South",0,0,"N",20271272,378,50.6,62
"2014-11-15","GA","South",0,0,"N",10214860,177,52.7,62
"2014-11-15","HI","West",0,0,"N",1431603,222,32.6,83
"2014-11-15","IA","Midwest",0,0,"N",3123899,55,55.1,27
"2014-11-15","ID","West",0,0,"N",1654930,20,68.3,34
"2014-11-15","IL","Midwest",0,0,"N",12859995,231,41.0,61
"2014-11-15","IN","Midwest",0,0,"N",6619680,184,60.1,37
"2014-11-15","KS","Midwest",0,0,"N",2911641,36,61.1,43
"2014-11-15","KY","South",0,0,"N",4425092,112,65.7,28
"2014-11-15","LA","South",0,0,"N",4670724,108,60.2,55
"2014-11-15","MA","Northeast",0,0,"N",6794422,871,35.3,49
"2014-11-15","MD","South",0,0,"N",6006401,618,36.0,66
"2014-11-15","ME","Northeast",0,0,"N",1329328,43,48.4,13
"2014-11-15","MI","Midwest",0,0,"N",9922576,175,50.1,42
"2014-11-15","MN","Midwest",0,0,"N",5489594,68,49.2,36
"2014-11-15","MO","Midwest",0,0,"N",6083672,88,59.8,36
"2014-11-15","MS","South",0,0,"N",2992333,63,59.1,54
"2014-11-15","MT","West",0,0,"N",1032949,7,61.1,26
"2014-11-15","NC","South",0,0,"N",8382993,212,51.9,56
"2014-11-15","ND","Midwest",0,0,"N",756927,10,69.8,27
"2014-11-15","NE","Midwest",0,0,"N",1896190,24,63.5,36
"2014-11-15","NH","Northeast",0,0,"N",1330608,148,49.8,18
"2014-11-15","NJ","Northeast",0,0,"N",8958013,1218,42.7,67
"2014-11-15","NM","West",0,0,"N",2085109,17,45.3,73
"2014-11-15","NV","West",0,0,"N",2890845,26,48.7,72
"2014-11-15","NY","Northeast",0,0,"N",19795791,420,38.2,70
"2014-11-15","OH","Midwest",0,0,"N",11613423,284,54.3,36
"2014-11-15","OK","South",0,0,"N",3911338,57,69.3,56
"2014-11-15","OR","West",0,0,"N",4028977,41,43.8,43
"2014-11-15","PA","Northeast",0,0,"N",12802503,286,50.4,41
"2014-11-15","RI","Northeast",0,0,"N",1056298,1021,41.7,51
"2014-11-15","SC","South",0,0,"N",4896146,162,57.5,53
"2014-11-15","SD","Midwest",0,0,"N",858469,11,66.0,33
"2014-11-15","TN","South",0,0,"N",6600299,160,63.6,43
"2014-11-15","TX","South",0,0,"N",27469114,105,54.7,70
"2014-11-15","UT","West",0,0,"N",2995919,36,62.4,42
"2014-11-15","VA","South",1,20,"N",10042802,206,47.2,58
"2014-11-15","VT","Northeast",0,0,"N",626042,67,34.8,13
"2014-11-15","WA","West",0,0,"N",7170351,107,41.2,53
"2014-11-15","WI","Midwest",0,0,"N",5771337,106,50.4,35
"2014-11-15","WV","South",0,0,"N",1844128,76,72.2,15
"2014-11-15","WY","West",0,0,"N",586107,6,75.7,31
"2014-11-16","AK","West",0,0,"N",738432,1,58.4,61
"2014-11-16","AL","South",0,0,"N",4858979,95,64.4,50
"2014-11-16","AR","South",0,0,"N",2978204,57,64.3,46
"2014-11-16","AZ","West",0,0,"N",6828065,60,51.9,65
"2014-11-16","CA","West",0,0,"N",39144818,251,33.9,79
"2014-11-16","CO","West",0,0,"N",5456574,52,47.3,52
"2014-11-16","CT","Northeast",0,0,"N",3590886,741,42.9,56
"2014-11-16","DC","South",0,0,"N",672228,11000,4.3,69
"2014-11-16","DE","South",0,0,"N",945934,485,44.0,56
"2014-11-16","FL","South",0,0,"N",20271272,378,50.6,62
"2014-11-16","GA","South",0,0,"N",10214860,177,52.7,62
"2014-11-16","HI","West",0,0,"N",1431603,222,32.6,83
"2014-11-16","IA","Midwest",0,0,"N",3123899,55,55.1,27
"2014-11-16","ID","West",0,0,"N",1654930,20,68.3,34
"2014-11-16","IL","Midwest",0,0,"N",12859995,231,41.0,61
"2014-11-16","IN","Midwest",0,0,"N",6619680,184,60.1,37
"2014-11-16","KS","Midwest",0,0,"N",2911641,36,61.1,43
"2014-11-16","KY","South",0,0,"N",4425092,112,65.7,28
"2014-11-16","LA","South",0,0,"N",4670724,108,60.2,55
"2014-11-16","MA","Northeast",0,0,"N",6794422,871,35.3,49
"2014-11-16","MD","South",0,0,"N",6006401,618,36.0,66
"2014-11-16","ME","Northeast",0,0,"N",1329328,43,48.4,13
"2014-11-16","MI","Midwest",0,0,"N",9922576,175,50.1,42
"2014-11-16","MN","Midwest",0,0,"N",5489594,68,49.2,36
"2014-11-16","MO","Midwest",0,0,"N",6083672,88,59.8,36
"2014-11-16","MS","South",0,0,"N",2992333,63,59.1,54
"2014-11-16","MT","West",0,0,"N",1032949,7,61.1,26
"2014-11-16","NC","South",0,0,"N",8382993,212,51.9,56
"2014-11-16","ND","Midwest",0,0,"N",756927,10,69.8,27
"2014-11-16","NE","Midwest",0,0,"N",1896190,24,63.5,36
"2014-11-16","NH","Northeast",0,0,"N",1330608,148,49.8,18
"2014-11-16","NJ","Northeast",0,0,"N",8958013,1218,42.7,67
"2014-11-16","NM","West",0,0,"N",2085109,17,45.3,73
"2014-11-16","NV","West",0,0,"N",2890845,26,48.7,72
"2014-11-16","NY","Northeast",0,0,"N",19795791,420,38.2,70
"2014-11-16","OH","Midwest",0,0,"N",11613423,284,54.3,36
"2014-11-16","OK","South",0,0,"N",3911338,57,69.3,56
"2014-11-16","OR","West",0,0,"N",4028977,41,43.8,43
"2014-11-16","PA","Northeast",0,0,"N",12802503,286,50.4,41
"2014-11-16","RI","Northeast",0,0,"N",1056298,1021,41.7,51
"2014-11-16","SC","South",0,0,"N",4896146,162,57.5,53
"2014-11-16","SD","Midwest",0,0,"N",858469,11,66.0,33
"2014-11-16","TN","South",0,0,"N",6600299,160,63.6,43
"2014-11-16","TX","South",0,0,"N",27469114,105,54.7,70
"2014-11-16","UT","West",0,0,"N",2995919,36,62.4,42
"2014-11-16","VA","South",1,20,"N",10042802,206,47.2,58
"2014-11-16","VT","Northeast",0,0,"N",626042,67,34.8,13
"2014-11-16","WA","West",0,0,"N",7170351,107,41.2,53
"2014-11-16","WI","Midwest",0,0,"N",5771337,106,50.4,35
"2014-11-16","WV","South",0,0,"N",1844128,76,72.2,15
"2014-11-16","WY","West",0,0,"N",586107,6,75.7,31
"2014-11-17","AK","West",0,0,"N",738432,1,58.4,61
"2014-11-17","AL","South",0,0,"N",4858979,95,64.4,50
"2014-11-17","AR","South",0,0,"N",2978204,57,64.3,46
"2014-11-17","AZ","West",0,0,"N",6828065,60,51.9,65
"2014-11-17","CA","West",0,0,"N",39144818,251,33.9,79
"2014-11-17","CO","West",0,0,"N",5456574,52,47.3,52
"2014-11-17","CT","Northeast",0,0,"N",3590886,741,42.9,56
"2014-11-17","DC","South",0,0,"N",672228,11000,4.3,69
"2014-11-17","DE","South",0,0,"N",945934,485,44.0,56
"2014-11-17","FL","South",0,0,"N",20271272,378,50.6,62
"2014-11-17","GA","South",0,0,"N",10214860,177,52.7,62
"2014-11-17","HI","West",0,0,"N",1431603,222,32.6,83
"2014-11-17","IA","Midwest",0,0,"N",3123899,55,55.1,27
"2014-11-17","ID","West",0,0,"N",1654930,20,68.3,34
"2014-11-17","IL","Midwest",0,0,"N",12859995,231,41.0,61
"2014-11-17","IN","Midwest",0,0,"N",6619680,184,60.1,37
"2014-11-17","KS","Midwest",0,0,"N",2911641,36,61.1,43
"2014-11-17","KY","South",0,0,"N",4425092,112,65.7,28
"2014-11-17","LA","South",0,0,"N",4670724,108,60.2,55
"2014-11-17","MA","Northeast",0,0,"N",6794422,871,35.3,49
"2014-11-17","MD","South",0,0,"N",6006401,618,36.0,66
"2014-11-17","ME","Northeast",0,0,"N",1329328,43,48.4,13
"2014-11-17","MI","Midwest",0,0,"N",9922576,175,50.1,42
"2014-11-17","MN","Midwest",0,0,"N",5489594,68,49.2,36
"2014-11-17","MO","Midwest",0,0,"N",6083672,88,59.8,36
"2014-11-17","MS","South",0,0,"N",2992333,63,59.1,54
"2014-11-17","MT","West",0,0,"N",1032949,7,61.1,26
"2014-11-17","NC","South",0,0,"N",8382993,212,51.9,56
"2014-11-17","ND","Midwest",0,0,"N",756927,10,69.8,27
"2014-11-17","NE","Midwest",0,0,"N",1896190,24,63.5,36
"2014-11-17","NH","Northeast",0,0,"N",1330608,148,49.8,18
"2014-11-17","NJ","Northeast",0,0,"N",8958013,1218,42.7,67
"2014-11-17","NM","West",0,0,"N",2085109,17,45.3,73
"2014-11-17","NV","West",0,0,"N",2890845,26,48.7,72
"2014-11-17","NY","Northeast",0,0,"N",19795791,420,38.2,70
"2014-11-17","OH","Midwest",0,0,"N",11613423,284,54.3,36
"2014-11-17","OK","South",0,0,"N",3911338,57,69.3,56
"2014-11-17","OR","West",0,0,"N",4028977,41,43.8,43
"2014-11-17","PA","Northeast",0,0,"N",12802503,286,50.4,41
"2014-11-17","RI","Northeast",0,0,"N",1056298,1021,41.7,51
"2014-11-17","SC","South",0,0,"N",4896146,162,57.5,53
"2014-11-17","SD","Midwest",0,0,"N",858469,11,66.0,33
"2014-11-17","TN","South",0,0,"N",6600299,160,63.6,43
"2014-11-17","TX","South",0,0,"N",27469114,105,54.7,70
"2014-11-17","UT","West",0,0,"N",2995919,36,62.4,42
"2014-11-17","VA","South",1,20,"N",10042802,206,47.2,58
"2014-11-17","VT","Northeast",0,0,"N",626042,67,34.8,13
"2014-11-17","WA","West",0,0,"N",7170351,107,41.2,53
"2014-11-17","WI","Midwest",0,0,"N",5771337,106,50.4,35
"2014-11-17","WV","South",0,0,"N",1844128,76,72.2,15
"2014-11-17","WY","West",0,0,"N",586107,6,75.7,31
"2014-11-18","AK","West",0,0,"N",738432,1,58.4,61
"2014-11-18","AL","South",0,0,"N",4858979,95,64.4,50
"2014-11-18","AR","South",0,0,"N",2978204,57,64.3,46
"2014-11-18","AZ","West",0,0,"N",6828065,60,51.9,65
"2014-11-18","CA","West",0,0,"N",39144818,251,33.9,79
"2014-11-18","CO","West",0,0,"N",5456574,52,47.3,52
"2014-11-18","CT","Northeast",0,0,"N",3590886,741,42.9,56
"2014-11-18","DC","South",0,0,"N",672228,11000,4.3,69
"2014-11-18","DE","South",0,0,"N",945934,485,44.0,56
"2014-11-18","FL","South",0,0,"N",20271272,378,50.6,62
"2014-11-18","GA","South",0,0,"N",10214860,177,52.7,62
"2014-11-18","HI","West",0,0,"N",1431603,222,32.6,83
"2014-11-18","IA","Midwest",0,0,"N",3123899,55,55.1,27
"2014-11-18","ID","West",0,0,"N",1654930,20,68.3,34
"2014-11-18","IL","Midwest",0,0,"N",12859995,231,41.0,61
"2014-11-18","IN","Midwest",0,0,"N",6619680,184,60.1,37
"2014-11-18","KS","Midwest",0,0,"N",2911641,36,61.1,43
"2014-11-18","KY","South",0,0,"N",4425092,112,65.7,28
"2014-11-18","LA","South",0,0,"N",4670724,108,60.2,55
"2014-11-18","MA","Northeast",0,0,"N",6794422,871,35.3,49
"2014-11-18","MD","South",0,0,"N",6006401,618,36.0,66
"2014-11-18","ME","Northeast",0,0,"N",1329328,43,48.4,13
"2014-11-18","MI","Midwest",0,0,"N",9922576,175,50.1,42
"2014-11-18","MN","Midwest",0,0,"N",5489594,68,49.2,36
"2014-11-18","MO","Midwest",0,0,"N",6083672,88,59.8,36
"2014-11-18","MS","South",0,0,"N",2992333,63,59.1,54
"2014-11-18","MT","West",0,0,"N",1032949,7,61.1,26
"2014-11-18","NC","South",0,0,"N",8382993,212,51.9,56
"2014-11-18","ND","Midwest",0,0,"N",756927,10,69.8,27
"2014-11-18","NE","Midwest",0,0,"N",1896190,24,63.5,36
"2014-11-18","NH","Northeast",0,0,"N",1330608,148,49.8,18
"2014-11-18","NJ","Northeast",0,0,"N",8958013,1218,42.7,67
"2014-11-18","NM","West",0,0,"N",2085109,17,45.3,73
"2014-11-18","NV","West",0,0,"N",2890845,26,48.7,72
"2014-11-18","NY","Northeast",0,0,"N",19795791,420,38.2,70
"2014-11-18","OH","Midwest",0,0,"N",11613423,284,54.3,36
"2014-11-18","OK","South",0,0,"N",3911338,57,69.3,56
"2014-11-18","OR","West",0,0,"N",4028977,41,43.8,43
"2014-11-18","PA","Northeast",0,0,"N",12802503,286,50.4,41
"2014-11-18","RI","Northeast",0,0,"N",1056298,1021,41.7,51
"2014-11-18","SC","South",0,0,"N",4896146,162,57.5,53
"2014-11-18","SD","Midwest",0,0,"N",858469,11,66.0,33
"2014-11-18","TN","South",0,0,"N",6600299,160,63.6,43
"2014-11-18","TX","South",0,0,"N",27469114,105,54.7,70
"2014-11-18","UT","West",0,0,"N",2995919,36,62.4,42
"2014-11-18","VA","South",1,20,"N",10042802,206,47.2,58
"2014-11-18","VT","Northeast",0,0,"N",626042,67,34.8,13
"2014-11-18","WA","West",0,0,"N",7170351,107,41.2,53
"2014-11-18","WI","Midwest",0,0,"N",5771337,106,50.4,35
"2014-11-18","WV","South",0,0,"N",1844128,76,72.2,15
"2014-11-18","WY","West",0,0,"N",586107,6,75.7,31
"2014-11-19","AK","West",0,0,"N",738432,1,58.4,61
"2014-11-19","AL","South",0,0,"N",4858979,95,64.4,50
"2014-11-19","AR","South",0,0,"N",2978204,57,64.3,46
"2014-11-19","AZ","West",0,0,"N",6828065,60,51.9,65
"2014-11-19","CA","West",0,0,"N",39144818,251,33.9,79
"2014-11-19","CO","West",0,0,"N",5456574,52,47.3,52
"2014-11-19","CT","Northeast",0,0,"N",3590886,741,42.9,56
"2014-11-19","DC","South",0,0,"N",672228,11000,4.3,69
"2014-11-19","DE","South",0,0,"N",945934,485,44.0,56
"2014-11-19","FL","South",0,0,"N",20271272,378,50.6,62
"2014-11-19","GA","South",0,0,"N",10214860,177,52.7,62
"2014-11-19","HI","West",0,0,"N",1431603,222,32.6,83
"2014-11-19","IA","Midwest",0,0,"N",3123899,55,55.1,27
"2014-11-19","ID","West",0,0,"N",1654930,20,68.3,34
"2014-11-19","IL","Midwest",0,0,"N",12859995,231,41.0,61
"2014-11-19","IN","Midwest",0,0,"N",6619680,184,60.1,37
"2014-11-19","KS","Midwest",0,0,"N",2911641,36,61.1,43
"2014-11-19","KY","South",0,0,"N",4425092,112,65.7,28
"2014-11-19","LA","South",0,0,"N",4670724,108,60.2,55
"2014-11-19","MA","Northeast",0,0,"N",6794422,871,35.3,49
"2014-11-19","MD","South",0,0,"N",6006401,618,36.0,66
"2014-11-19","ME","Northeast",0,0,"N",1329328,43,48.4,13
"2014-11-19","MI","Midwest",0,0,"N",9922576,175,50.1,42
"2014-11-19","MN","Midwest",0,0,"N",5489594,68,49.2,36
"2014-11-19","MO","Midwest",0,0,"N",6083672,88,59.8,36
"2014-11-19","MS","South",0,0,"N",2992333,63,59.1,54
"2014-11-19","MT","West",0,0,"N",1032949,7,61.1,26
"2014-11-19","NC","South",0,0,"N",8382993,212,51.9,56
"2014-11-19","ND","Midwest",0,0,"N",756927,10,69.8,27
"2014-11-19","NE","Midwest",0,0,"N",1896190,24,63.5,36
"2014-11-19","NH","Northeast",0,0,"N",1330608,148,49.8,18
"2014-11-19","NJ","Northeast",0,0,"N",8958013,1218,42.7,67
"2014-11-19","NM","West",0,0,"N",2085109,17,45.3,73
"2014-11-19","NV","West",0,0,"N",2890845,26,48.7,72
"2014-11-19","NY","Northeast",0,0,"N",19795791,420,38.2,70
"2014-11-19","OH","Midwest",0,0,"N",11613423,284,54.3,36
"2014-11-19","OK","South",0,0,"N",3911338,57,69.3,56
"2014-11-19","OR","West",0,0,"N",4028977,41,43.8,43
"2014-11-19","PA","Northeast",0,0,"N",12802503,286,50.4,41
"2014-11-19","RI","Northeast",0,0,"N",1056298,1021,41.7,51
"2014-11-19","SC","South",0,0,"N",4896146,162,57.5,53
"2014-11-19","SD","Midwest",0,0,"N",858469,11,66.0,33
"2014-11-19","TN","South",0,0,"N",6600299,160,63.6,43
"2014-11-19","TX","South",0,0,"N",27469114,105,54.7,70
"2014-11-19","UT","West",0,0,"N",2995919,36,62.4,42
"2014-11-19","VA","South",1,20,"N",10042802,206,47.2,58
"2014-11-19","VT","Northeast",0,0,"N",626042,67,34.8,13
"2014-11-19","WA","West",0,0,"N",7170351,107,41.2,53
"2014-11-19","WI","Midwest",0,0,"N",5771337,106,50.4,35
"2014-11-19","WV","South",0,0,"N",1844128,76,72.2,15
"2014-11-19","WY","West",0,0,"N",586107,6,75.7,31
"2014-11-20","AK","West",0,0,"N",738432,1,58.4,61
"2014-11-20","AL","South",0,0,"N",4858979,95,64.4,50
"2014-11-20","AR","South",0,0,"N",2978204,57,64.3,46
"2014-11-20","AZ","West",0,0,"N",6828065,60,51.9,65
"2014-11-20","CA","West",0,0,"N",39144818,251,33.9,79
"2014-11-20","CO","West",0,0,"N",5456574,52,47.3,52
"2014-11-20","CT","Northeast",0,0,"N",3590886,741,42.9,56
"2014-11-20","DC","South",0,0,"N",672228,11000,4.3,69
"2014-11-20","DE","South",0,0,"N",945934,485,44.0,56
"2014-11-20","FL","South",0,0,"N",20271272,378,50.6,62
"2014-11-20","GA","South",0,0,"N",10214860,177,52.7,62
"2014-11-20","HI","West",0,0,"N",1431603,222,32.6,83
"2014-11-20","IA","Midwest",0,0,"N",3123899,55,55.1,27
"2014-11-20","ID","West",0,0,"N",1654930,20,68.3,34
"2014-11-20","IL","Midwest",0,0,"N",12859995,231,41.0,61
"2014-11-20","IN","Midwest",0,0,"N",6619680,184,60.1,37
"2014-11-20","KS","Midwest",0,0,"N",2911641,36,61.1,43
"2014-11-20","KY","South",0,0,"N",4425092,112,65.7,28
"2014-11-20","LA","South",0,0,"N",4670724,108,60.2,55
"2014-11-20","MA","Northeast",0,0,"N",6794422,871,35.3,49
"2014-11-20","MD","South",0,0,"N",6006401,618,36.0,66
"2014-11-20","ME","Northeast",0,0,"N",1329328,43,48.4,13
"2014-11-20","MI","Midwest",0,0,"N",9922576,175,50.1,42
"2014-11-20","MN","Midwest",0,0,"N",5489594,68,49.2,36
"2014-11-20","MO","Midwest",0,0,"N",6083672,88,59.8,36
"2014-11-20","MS","South",0,0,"N",2992333,63,59.1,54
"2014-11-20","MT","West",0,0,"N",1032949,7,61.1,26
"2014-11-20","NC","South",0,0,"N",8382993,212,51.9,56
"2014-11-20","ND","Midwest",0,0,"N",756927,10,69.8,27
"2014-11-20","NE","Midwest",0,0,"N",1896190,24,63.5,36
"2014-11-20","NH","Northeast",0,0,"N",1330608,148,49.8,18
"2014-11-20","NJ","Northeast",0,0,"N",8958013,1218,42.7,67
"2014-11-20","NM","West",0,0,"N",2085109,17,45.3,73
"2014-11-20","NV","West",0,0,"N",2890845,26,48.7,72
"2014-11-20","NY","Northeast",0,0,"N",19795791,420,38.2,70
"2014-11-20","OH","Midwest",0,0,"N",11613423,284,54.3,36
"2014-11-20","OK","South",0,0,"N",3911338,57,69.3,56
"2014-11-20","OR","West",0,0,"N",4028977,41,43.8,43
"2014-11-20","PA","Northeast",0,0,"N",12802503,286,50.4,41
"2014-11-20","RI","Northeast",0,0,"N",1056298,1021,41.7,51
"2014-11-20","SC","South",0,0,"N",4896146,162,57.5,53
"2014-11-20","SD","Midwest",0,0,"N",858469,11,66.0,33
"2014-11-20","TN","South",0,0,"N",6600299,160,63.6,43
"2014-11-20","TX","South",0,0,"N",27469114,105,54.7,70
"2014-11-20","UT","West",0,0,"N",2995919,36,62.4,42
"2014-11-20","VA","South",1,20,"N",10042802,206,47.2,58
"2014-11-20","VT","Northeast",0,0,"N",626042,67,34.8,13
"2014-11-20","WA","West",0,0,"N",7170351,107,41.2,53
"2014-11-20","WI","Midwest",0,0,"N",5771337,106,50.4,35
"2014-11-20","WV","South",0,0,"N",1844128,76,72.2,15
"2014-11-20","WY","West",0,0,"N",586107,6,75.7,31
"2014-11-21","AK","West",0,0,"N",738432,1,58.4,61
"2014-11-21","AL","South",0,0,"N",4858979,95,64.4,50
"2014-11-21","AR","South",0,0,"N",2978204,57,64.3,46
"2014-11-21","AZ","West",0,0,"N",6828065,60,51.9,65
"2014-11-21","CA","West",0,0,"N",39144818,251,33.9,79
"2014-11-21","CO","West",0,0,"N",5456574,52,47.3,52
"2014-11-21","CT","Northeast",0,0,"N",3590886,741,42.9,56
"2014-11-21","DC","South",0,0,"N",672228,11000,4.3,69
"2014-11-21","DE","South",0,0,"N",945934,485,44.0,56
"2014-11-21","FL","South",0,0,"N",20271272,378,50.6,62
"2014-11-21","GA","South",0,0,"N",10214860,177,52.7,62
"2014-11-21","HI","West",0,0,"N",1431603,222,32.6,83
"2014-11-21","IA","Midwest",0,0,"N",3123899,55,55.1,27
"2014-11-21","ID","West",0,0,"N",1654930,20,68.3,34
"2014-11-21","IL","Midwest",0,0,"N",12859995,231,41.0,61
"2014-11-21","IN","Midwest",0,0,"N",6619680,184,60.1,37
"2014-11-21","KS","Midwest",0,0,"N",2911641,36,61.1,43
"2014-11-21","KY","South",0,0,"N",4425092,112,65.7,28
"2014-11-21","LA","South",0,0,"N",4670724,108,60.2,55
"2014-11-21","MA","Northeast",0,0,"N",6794422,871,35.3,49
"2014-11-21","MD","South",0,0,"N",6006401,618,36.0,66
"2014-11-21","ME","Northeast",0,0,"N",1329328,43,48.4,13
"2014-11-21","MI","Midwest",0,0,"N",9922576,175,50.1,42
"2014-11-21","MN","Midwest",0,0,"N",5489594,68,49.2,36
"2014-11-21","MO","Midwest",0,0,"N",6083672,88,59.8,36
"2014-11-21","MS","South",0,0,"N",2992333,63,59.1,54
"2014-11-21","MT","West",0,0,"N",1032949,7,61.1,26
"2014-11-21","NC","South",0,0,"N",8382993,212,51.9,56
"2014-11-21","ND","Midwest",0,0,"N",756927,10,69.8,27
"2014-11-21","NE","Midwest",0,0,"N",1896190,24,63.5,36
"2014-11-21","NH","Northeast",0,0,"N",1330608,148,49.8,18
"2014-11-21","NJ","Northeast",0,0,"N",8958013,1218,42.7,67
"2014-11-21","NM","West",0,0,"N",2085109,17,45.3,73
"2014-11-21","NV","West",0,0,"N",2890845,26,48.7,72
"2014-11-21","NY","Northeast",0,0,"N",19795791,420,38.2,70
"2014-11-21","OH","Midwest",0,0,"N",11613423,284,54.3,36
"2014-11-21","OK","South",0,0,"N",3911338,57,69.3,56
"2014-11-21","OR","West",0,0,"N",4028977,41,43.8,43
"2014-11-21","PA","Northeast",0,0,"N",12802503,286,50.4,41
"2014-11-21","RI","Northeast",0,0,"N",1056298,1021,41.7,51
"2014-11-21","SC","South",0,0,"N",4896146,162,57.5,53
"2014-11-21","SD","Midwest",0,0,"N",858469,11,66.0,33
"2014-11-21","TN","South",0,0,"N",6600299,160,63.6,43
"2014-11-21","TX","South",0,0,"N",27469114,105,54.7,70
"2014-11-21","UT","West",0,0,"N",2995919,36,62.4,42
"2014-11-21","VA","South",1,20,"N",10042802,206,47.2,58
"2014-11-21","VT","Northeast",0,0,"N",626042,67,34.8,13
"2014-11-21","WA","West",0,0,"N",7170351,107,41.2,53
"2014-11-21","WI","Midwest",0,0,"N",5771337,106,50.4,35
"2014-11-21","WV","South",0,0,"N",1844128,76,72.2,15
"2014-11-21","WY","West",0,0,"N",586107,6,75.7,31
"2014-11-22","AK","West",0,0,"N",738432,1,58.4,61
"2014-11-22","AL","South",0,0,"N",4858979,95,64.4,50
"2014-11-22","AR","South",0,0,"N",2978204,57,64.3,46
"2014-11-22","AZ","West",0,0,"N",6828065,60,51.9,65
"2014-11-22","CA","West",0,0,"N",39144818,251,33.9,79
"2014-11-22","CO","West",0,0,"N",5456574,52,47.3,52
"2014-11-22","CT","Northeast",0,0,"N",3590886,741,42.9,56
"2014-11-22","DC","South",0,0,"N",672228,11000,4.3,69
"2014-11-22","DE","South",0,0,"N",945934,485,44.0,56
"2014-11-22","FL","South",0,0,"N",20271272,378,50.6,62
"2014-11-22","GA","South",0,0,"N",10214860,177,52.7,62
"2014-11-22","HI","West",0,0,"N",1431603,222,32.6,83
"2014-11-22","IA","Midwest",0,0,"N",3123899,55,55.1,27
"2014-11-22","ID","West",0,0,"N",1654930,20,68.3,34
"2014-11-22","IL","Midwest",0,0,"N",12859995,231,41.0,61
"2014-11-22","IN","Midwest",0,0,"N",6619680,184,60.1,37
"2014-11-22","KS","Midwest",0,0,"N",2911641,36,61.1,43
"2014-11-22","KY","South",0,0,"N",4425092,112,65.7,28
"2014-11-22","LA","South",0,0,"N",4670724,108,60.2,55
"2014-11-22","MA","Northeast",0,0,"N",6794422,871,35.3,49
"2014-11-22","MD","South",0,0,"N",6006401,618,36.0,66
"2014-11-22","ME","Northeast",0,0,"N",1329328,43,48.4,13
"2014-11-22","MI","Midwest",0,0,"N",9922576,175,50.1,42
"2014-11-22","MN","Midwest",0,0,"N",5489594,68,49.2,36
"2014-11-22","MO","Midwest",0,0,"N",6083672,88,59.8,36
"2014-11-22","MS","South",0,0,"N",2992333,63,59.1,54
"2014-11-22","MT","West",0,0,"N",1032949,7,61.1,26
"2014-11-22","NC","South",0,0,"N",8382993,212,51.9,56
"2014-11-22","ND","Midwest",0,0,"N",756927,10,69.8,27
"2014-11-22","NE","Midwest",0,0,"N",1896190,24,63.5,36
"2014-11-22","NH","Northeast",0,0,"N",1330608,148,49.8,18
"2014-11-22","NJ","Northeast",0,0,"N",8958013,1218,42.7,67
"2014-11-22","NM","West",0,0,"N",2085109,17,45.3,73
"2014-11-22","NV","West",0,0,"N",2890845,26,48.7,72
"2014-11-22","NY","Northeast",0,0,"N",19795791,420,38.2,70
"2014-11-22","OH","Midwest",0,0,"N",11613423,284,54.3,36
"2014-11-22","OK","South",0,0,"N",3911338,57,69.3,56
"2014-11-22","OR","West",0,0,"N",4028977,41,43.8,43
"2014-11-22","PA","Northeast",0,0,"N",12802503,286,50.4,41
"2014-11-22","RI","Northeast",0,0,"N",1056298,1021,41.7,51
"2014-11-22","SC","South",0,0,"N",4896146,162,57.5,53
"2014-11-22","SD","Midwest",0,0,"N",858469,11,66.0,33
"2014-11-22","TN","South",0,0,"N",6600299,160,63.6,43
"2014-11-22","TX","South",0,0,"N",27469114,105,54.7,70
"2014-11-22","UT","West",0,0,"N",2995919,36,62.4,42
"2014-11-22","VA","South",1,20,"N",10042802,206,47.2,58
"2014-11-22","VT","Northeast",0,0,"N",626042,67,34.8,13
"2014-11-22","WA","West",0,0,"N",7170351,107,41.2,53
"2014-11-22","WI","Midwest",0,0,"N",5771337,106,50.4,35
"2014-11-22","WV","South",0,0,"N",1844128,76,72.2,15
"2014-11-22","WY","West",0,0,"N",586107,6,75.7,31
"2014-11-23","AK","West",0,0,"N",738432,1,58.4,61
"2014-11-23","AL","South",0,0,"N",4858979,95,64.4,50
"2014-11-23","AR","South",0,0,"N",2978204,57,64.3,46
"2014-11-23","AZ","West",0,0,"N",6828065,60,51.9,65
"2014-11-23","CA","West",0,0,"N",39144818,251,33.9,79
"2014-11-23","CO","West",0,0,"N",5456574,52,47.3,52
"2014-11-23","CT","Northeast",0,0,"N",3590886,741,42.9,56
"2014-11-23","DC","South",0,0,"N",672228,11000,4.3,69
"2014-11-23","DE","South",0,0,"N",945934,485,44.0,56
"2014-11-23","FL","South",0,0,"N",20271272,378,50.6,62
"2014-11-23","GA","South",0,0,"N",10214860,177,52.7,62
"2014-11-23","HI","West",0,0,"N",1431603,222,32.6,83
"2014-11-23","IA","Midwest",0,0,"N",3123899,55,55.1,27
"2014-11-23","ID","West",0,0,"N",1654930,20,68.3,34
"2014-11-23","IL","Midwest",0,0,"N",12859995,231,41.0,61
"2014-11-23","IN","Midwest",0,0,"N",6619680,184,60.1,37
"2014-11-23","KS","Midwest",0,0,"N",2911641,36,61.1,43
"2014-11-23","KY","South",0,0,"N",4425092,112,65.7,28
"2014-11-23","LA","South",0,0,"N",4670724,108,60.2,55
"2014-11-23","MA","Northeast",0,0,"N",6794422,871,35.3,49
"2014-11-23","MD","South",0,0,"N",6006401,618,36.0,66
"2014-11-23","ME","Northeast",0,0,"N",1329328,43,48.4,13
"2014-11-23","MI","Midwest",0,0,"N",9922576,175,50.1,42
"2014-11-23","MN","Midwest",0,0,"N",5489594,68,49.2,36
"2014-11-23","MO","Midwest",0,0,"N",6083672,88,59.8,36
"2014-11-23","MS","South",0,0,"N",2992333,63,59.1,54
"2014-11-23","MT","West",0,0,"N",1032949,7,61.1,26
"2014-11-23","NC","South",0,0,"N",8382993,212,51.9,56
"2014-11-23","ND","Midwest",0,0,"N",756927,10,69.8,27
"2014-11-23","NE","Midwest",0,0,"N",1896190,24,63.5,36
"2014-11-23","NH","Northeast",0,0,"N",1330608,148,49.8,18
"2014-11-23","NJ","Northeast",0,0,"N",8958013,1218,42.7,67
"2014-11-23","NM","West",0,0,"N",2085109,17,45.3,73
"2014-11-23","NV","West",0,0,"N",2890845,26,48.7,72
"2014-11-23","NY","Northeast",0,0,"N",19795791,420,38.2,70
"2014-11-23","OH","Midwest",0,0,"N",11613423,284,54.3,36
"2014-11-23","OK","South",0,0,"N",3911338,57,69.3,56
"2014-11-23","OR","West",0,0,"N",4028977,41,43.8,43
"2014-11-23","PA","Northeast",0,0,"N",12802503,286,50.4,41
"2014-11-23","RI","Northeast",0,0,"N",1056298,1021,41.7,51
"2014-11-23","SC","South",0,0,"N",4896146,162,57.5,53
"2014-11-23","SD","Midwest",0,0,"N",858469,11,66.0,33
"2014-11-23","TN","South",0,0,"N",6600299,160,63.6,43
"2014-11-23","TX","South",0,0,"N",27469114,105,54.7,70
"2014-11-23","UT","West",0,0,"N",2995919,36,62.4,42
"2014-11-23","VA","South",1,20,"N",10042802,206,47.2,58
"2014-11-23","VT","Northeast",0,0,"N",626042,67,34.8,13
"2014-11-23","WA","West",0,0,"N",7170351,107,41.2,53
"2014-11-23","WI","Midwest",0,0,"N",5771337,106,50.4,35
"2014-11-23","WV","South",0,0,"N",1844128,76,72.2,15
"2014-11-23","WY","West",0,0,"N",586107,6,75.7,31
"2014-11-24","AK","West",0,0,"N",738432,1,58.4,61
"2014-11-24","AL","South",0,0,"N",4858979,95,64.4,50
"2014-11-24","AR","South",0,0,"N",2978204,57,64.3,46
"2014-11-24","AZ","West",0,0,"N",6828065,60,51.9,65
"2014-11-24","CA","West",0,0,"L",39144818,251,33.9,79
"2014-11-24","CO","West",0,0,"L",5456574,52,47.3,52
"2014-11-24","CT","Northeast",0,0,"N",3590886,741,42.9,56
"2014-11-24","DC","South",0,0,"L",672228,11000,4.3,69
"2014-11-24","DE","South",0,0,"N",945934,485,44.0,56
"2014-11-24","FL","South",0,0,"N",20271272,378,50.6,62
"2014-11-24","GA","South",0,0,"N",10214860,177,52.7,62
"2014-11-24","HI","West",0,0,"N",1431603,222,32.6,83
"2014-11-24","IA","Midwest",0,0,"N",3123899,55,55.1,27
"2014-11-24","ID","West",0,0,"N",1654930,20,68.3,34
"2014-11-24","IL","Midwest",0,0,"L",12859995,231,41.0,61
"2014-11-24","IN","Midwest",0,0,"N",6619680,184,60.1,37
"2014-11-24","KS","Midwest",0,0,"N",2911641,36,61.1,43
"2014-11-24","KY","South",0,0,"N",4425092,112,65.7,28
"2014-11-24","LA","South",0,0,"N",4670724,108,60.2,55
"2014-11-24","MA","Northeast",0,0,"L",6794422,871,35.3,49
"2014-11-24","MD","South",0,0,"N",6006401,618,36.0,66
"2014-11-24","ME","Northeast",0,0,"N",1329328,43,48.4,13
"2014-11-24","MI","Midwest",0,0,"N",9922576,175,50.1,42
"2014-11-24","MN","Midwest",0,0,"N",5489594,68,49.2,36
"2014-11-24","MO","Midwest",0,0,"L",6083672,88,59.8,36
"2014-11-24","MS","South",0,0,"N",2992333,63,59.1,54
"2014-11-24","MT","West",0,0,"N",1032949,7,61.1,26
"2014-11-24","NC","South",0,0,"N",8382993,212,51.9,56
"2014-11-24","ND","Midwest",0,0,"N",756927,10,69.8,27
"2014-11-24","NE","Midwest",0,0,"N",1896190,24,63.5,36
"2014-11-24","NH","Northeast",0,0,"N",1330608,148,49.8,18
"2014-11-24","NJ","Northeast",0,0,"N",8958013,1218,42.7,67
"2014-11-24","NM","West",0,0,"N",2085109,17,45.3,73
"2014-11-24","NV","West",0,0,"N",2890845,26,48.7,72
"2014-11-24","NY","Northeast",0,0,"L",19795791,420,38.2,70
"2014-11-24","OH","Midwest",0,0,"L",11613423,284,54.3,36
"2014-11-24","OK","South",0,0,"N",3911338,57,69.3,56
"2014-11-24","OR","West",0,0,"L",4028977,41,43.8,43
"2014-11-24","PA","Northeast",0,0,"L",12802503,286,50.4,41
"2014-11-24","RI","Northeast",0,0,"N",1056298,1021,41.7,51
"2014-11-24","SC","South",0,0,"N",4896146,162,57.5,53
"2014-11-24","SD","Midwest",0,0,"N",858469,11,66.0,33
"2014-11-24","TN","South",0,0,"N",6600299,160,63.6,43
"2014-11-24","TX","South",0,0,"N",27469114,105,54.7,70
"2014-11-24","UT","West",0,0,"N",2995919,36,62.4,42
"2014-11-24","VA","South",1,20,"N",10042802,206,47.2,58
"2014-11-24","VT","Northeast",0,0,"N",626042,67,34.8,13
"2014-11-24","WA","West",0,0,"L",7170351,107,41.2,53
"2014-11-24","WI","Midwest",0,0,"N",5771337,106,50.4,35
"2014-11-24","WV","South",0,0,"N",1844128,76,72.2,15
"2014-11-24","WY","West",0,0,"N",586107,6,75.7,31
"2014-11-25","AK","West",0,0,"N",738432,1,58.4,61
"2014-11-25","AL","South",0,0,"N",4858979,95,64.4,50
"2014-11-25","AR","South",0,0,"N",2978204,57,64.3,46
"2014-11-25","AZ","West",0,0,"N",6828065,60,51.9,65
"2014-11-25","CA","West",0,0,"L",39144818,251,33.9,79
"2014-11-25","CO","West",0,0,"L",5456574,52,47.3,52
"2014-11-25","CT","Northeast",0,0,"N",3590886,741,42.9,56
"2014-11-25","DC","South",0,0,"L",672228,11000,4.3,69
"2014-11-25","DE","South",0,0,"N",945934,485,44.0,56
"2014-11-25","FL","South",0,0,"L",20271272,378,50.6,62
"2014-11-25","GA","South",0,0,"L",10214860,177,52.7,62
"2014-11-25","HI","West",0,0,"L",1431603,222,32.6,83
"2014-11-25","IA","Midwest",0,0,"N",3123899,55,55.1,27
"2014-11-25","ID","West",0,0,"N",1654930,20,68.3,34
"2014-11-25","IL","Midwest",0,0,"N",12859995,231,41.0,61
"2014-11-25","IN","Midwest",0,0,"N",6619680,184,60.1,37
"2014-11-25","KS","Midwest",0,0,"L",2911641,36,61.1,43
"2014-11-25","KY","South",0,0,"N",4425092,112,65.7,28
"2014-11-25","LA","South",0,0,"L",4670724,108,60.2,55
"2014-11-25","MA","Northeast",0,0,"N",6794422,871,35.3,49
"2014-11-25","MD","South",0,0,"L",6006401,618,36.0,66
"2014-11-25","ME","Northeast",0,0,"N",1329328,43,48.4,13
"2014-11-25","MI","Midwest",0,0,"N",9922576,175,50.1,42
"2014-11-25","MN","Midwest",0,0,"L",5489594,68,49.2,36
"2014-11-25","MO","Midwest",0,0,"N",6083672,88,59.8,36
"2014-11-25","MS","South",0,0,"N",2992333,63,59.1,54
"2014-11-25","MT","West",0,0,"N",1032949,7,61.1,26
"2014-11-25","NC","South",0,0,"L",8382993,212,51.9,56
"2014-11-25","ND","Midwest",0,0,"N",756927,10,69.8,27
"2014-11-25","NE","Midwest",0,0,"N",1896190,24,63.5,36
"2014-11-25","NH","Northeast",0,0,"N",1330608,148,49.8,18
"2014-11-25","NJ","Northeast",0,0,"L",8958013,1218,42.7,67
"2014-11-25","NM","West",0,0,"L",2085109,17,45.3,73
"2014-11-25","NV","West",0,0,"N",2890845,26,48.7,72
"2014-11-25","NY","Northeast",0,0,"L",19795791,420,38.2,70
"2014-11-25","OH","Midwest",0,0,"L",11613423,284,54.3,36
"2014-11-25","OK","South",0,0,"N",3911338,57,69.3,56
"2014-11-25","OR","West",0,0,"L",4028977,41,43.8,43
"2014-11-25","PA","Northeast",0,0,"N",12802503,286,50.4,41
"2014-11-25","RI","Northeast",0,0,"L",1056298,1021,41.7,51
"2014-11-25","SC","South",0,0,"N",4896146,162,57.5,53
"2014-11-25","SD","Midwest",0,0,"N",858469,11,66.0,33
"2014-11-25","TN","South",0,0,"L",6600299,160,63.6,43
"2014-11-25","TX","South",0,0,"L",27469114,105,54.7,70
"2014-11-25","UT","West",0,0,"L",2995919,36,62.4,42
"2014-11-25","VA","South",1,20,"N",10042802,206,47.2,58
"2014-11-25","VT","Northeast",0,0,"N",626042,67,34.8,13
"2014-11-25","WA","West",0,0,"L",7170351,107,41.2,53
"2014-11-25","WI","Midwest",0,0,"L",5771337,106,50.4,35
"2014-11-25","WV","South",0,0,"N",1844128,76,72.2,15
"2014-11-25","WY","West",0,0,"N",586107,6,75.7,31
"2014-11-26","AK","West",0,0,"L",738432,1,58.4,61
"2014-11-26","AL","South",0,0,"N",4858979,95,64.4,50
"2014-11-26","AR","South",0,0,"N",2978204,57,64.3,46
"2014-11-26","AZ","West",0,0,"N",6828065,60,51.9,65
"2014-11-26","CA","West",0,0,"L",39144818,251,33.9,79
"2014-11-26","CO","West",0,0,"N",5456574,52,47.3,52
"2014-11-26","CT","Northeast",0,0,"N",3590886,741,42.9,56
"2014-11-26","DC","South",0,0,"N",672228,11000,4.3,69
"2014-11-26","DE","South",0,0,"N",945934,485,44.0,56
"2014-11-26","FL","South",0,0,"N",20271272,378,50.6,62
"2014-11-26","GA","South",0,0,"L",10214860,177,52.7,62
"2014-11-26","HI","West",0,0,"N",1431603,222,32.6,83
"2014-11-26","IA","Midwest",0,0,"N",3123899,55,55.1,27
"2014-11-26","ID","West",0,0,"N",1654930,20,68.3,34
"2014-11-26","IL","Midwest",0,0,"N",12859995,231,41.0,61
"2014-11-26","IN","Midwest",0,0,"N",6619680,184,60.1,37
"2014-11-26","KS","Midwest",0,0,"N",2911641,36,61.1,43
"2014-11-26","KY","South",0,0,"N",4425092,112,65.7,28
"2014-11-26","LA","South",0,0,"N",4670724,108,60.2,55
"2014-11-26","MA","Northeast",0,0,"N",6794422,871,35.3,49
"2014-11-26","MD","South",0,0,"N",6006401,618,36.0,66
"2014-11-26","ME","Northeast",0,0,"N",1329328,43,48.4,13
"2014-11-26","MI","Midwest",0,0,"N",9922576,175,50.1,42
"2014-11-26","MN","Midwest",0,0,"N",5489594,68,49.2,36
"2014-11-26","MO","Midwest",0,0,"L",6083672,88,59.8,36
"2014-11-26","MS","South",0,0,"N",2992333,63,59.1,54
"2014-11-26","MT","West",0,0,"N",1032949,7,61.1,26
"2014-11-26","NC","South",0,0,"N",8382993,212,51.9,56
"2014-11-26","ND","Midwest",0,0,"N",756927,10,69.8,27
"2014-11-26","NE","Midwest",0,0,"N",1896190,24,63.5,36
"2014-11-26","NH","Northeast",0,0,"N",1330608,148,49.8,18
"2014-11-26","NJ","Northeast",0,0,"N",8958013,1218,42.7,67
"2014-11-26","NM","West",0,0,"N",2085109,17,45.3,73
"2014-11-26","NV","West",0,0,"N",2890845,26,48.7,72
"2014-11-26","NY","Northeast",0,0,"N",19795791,420,38.2,70
"2014-11-26","OH","Midwest",0,0,"N",11613423,284,54.3,36
"2014-11-26","OK","South",0,0,"N",3911338,57,69.3,56
"2014-11-26","OR","West",0,0,"L",4028977,41,43.8,43
"2014-11-26","PA","Northeast",0,0,"N",12802503,286,50.4,41
"2014-11-26","RI","Northeast",0,0,"N",1056298,1021,41.7,51
"2014-11-26","SC","South",0,0,"N",4896146,162,57.5,53
"2014-11-26","SD","Midwest",0,0,"N",858469,11,66.0,33
"2014-11-26","TN","South",0,0,"N",6600299,160,63.6,43
"2014-11-26","TX","South",0,0,"N",27469114,105,54.7,70
"2014-11-26","UT","West",0,0,"N",2995919,36,62.4,42
"2014-11-26","VA","South",1,20,"N",10042802,206,47.2,58
"2014-11-26","VT","Northeast",0,0,"N",626042,67,34.8,13
"2014-11-26","WA","West",0,0,"N",7170351,107,41.2,53
"2014-11-26","WI","Midwest",0,0,"N",5771337,106,50.4,35
"2014-11-26","WV","South",0,0,"N",1844128,76,72.2,15
"2014-11-26","WY","West",0,0,"N",586107,6,75.7,31
"2014-11-27","AK","West",0,0,"N",738432,1,58.4,61
"2014-11-27","AL","South",0,0,"N",4858979,95,64.4,50
"2014-11-27","AR","South",0,0,"N",2978204,57,64.3,46
"2014-11-27","AZ","West",0,0,"N",6828065,60,51.9,65
"2014-11-27","CA","West",0,0,"N",39144818,251,33.9,79
"2014-11-27","CO","West",0,0,"N",5456574,52,47.3,52
"2014-11-27","CT","Northeast",0,0,"N",3590886,741,42.9,56
"2014-11-27","DC","South",0,0,"N",672228,11000,4.3,69
"2014-11-27","DE","South",0,0,"N",945934,485,44.0,56
"2014-11-27","FL","South",0,0,"N",20271272,378,50.6,62
"2014-11-27","GA","South",0,0,"N",10214860,177,52.7,62
"2014-11-27","HI","West",0,0,"N",1431603,222,32.6,83
"2014-11-27","IA","Midwest",0,0,"N",3123899,55,55.1,27
"2014-11-27","ID","West",0,0,"N",1654930,20,68.3,34
"2014-11-27","IL","Midwest",0,0,"N",12859995,231,41.0,61
"2014-11-27","IN","Midwest",0,0,"N",6619680,184,60.1,37
"2014-11-27","KS","Midwest",0,0,"N",2911641,36,61.1,43
"2014-11-27","KY","South",0,0,"N",4425092,112,65.7,28
"2014-11-27","LA","South",0,0,"N",4670724,108,60.2,55
"2014-11-27","MA","Northeast",0,0,"N",6794422,871,35.3,49
"2014-11-27","MD","South",0,0,"N",6006401,618,36.0,66
"2014-11-27","ME","Northeast",0,0,"N",1329328,43,48.4,13
"2014-11-27","MI","Midwest",0,0,"N",9922576,175,50.1,42
"2014-11-27","MN","Midwest",0,0,"N",5489594,68,49.2,36
"2014-11-27","MO","Midwest",0,0,"L",6083672,88,59.8,36
"2014-11-27","MS","South",0,0,"N",2992333,63,59.1,54
"2014-11-27","MT","West",0,0,"N",1032949,7,61.1,26
"2014-11-27","NC","South",0,0,"N",8382993,212,51.9,56
"2014-11-27","ND","Midwest",0,0,"N",756927,10,69.8,27
"2014-11-27","NE","Midwest",0,0,"N",1896190,24,63.5,36
"2014-11-27","NH","Northeast",0,0,"N",1330608,148,49.8,18
"2014-11-27","NJ","Northeast",0,0,"N",8958013,1218,42.7,67
"2014-11-27","NM","West",0,0,"N",2085109,17,45.3,73
"2014-11-27","NV","West",0,0,"N",2890845,26,48.7,72
"2014-11-27","NY","Northeast",0,0,"L",19795791,420,38.2,70
"2014-11-27","OH","Midwest",0,0,"N",11613423,284,54.3,36
"2014-11-27","OK","South",0,0,"N",3911338,57,69.3,56
"2014-11-27","OR","West",0,0,"N",4028977,41,43.8,43
"2014-11-27","PA","Northeast",0,0,"N",12802503,286,50.4,41
"2014-11-27","RI","Northeast",0,0,"N",1056298,1021,41.7,51
"2014-11-27","SC","South",0,0,"N",4896146,162,57.5,53
"2014-11-27","SD","Midwest",0,0,"N",858469,11,66.0,33
"2014-11-27","TN","South",0,0,"N",6600299,160,63.6,43
"2014-11-27","TX","South",0,0,"N",27469114,105,54.7,70
"2014-11-27","UT","West",0,0,"N",2995919,36,62.4,42
"2014-11-27","VA","South",1,20,"N",10042802,206,47.2,58
"2014-11-27","VT","Northeast",0,0,"N",626042,67,34.8,13
"2014-11-27","WA","West",0,0,"N",7170351,107,41.2,53
"2014-11-27","WI","Midwest",0,0,"N",5771337,106,50.4,35
"2014-11-27","WV","South",0,0,"N",1844128,76,72.2,15
"2014-11-27","WY","West",0,0,"N",586107,6,75.7,31
"2014-11-28","AK","West",0,0,"N",738432,1,58.4,61
"2014-11-28","AL","South",0,0,"N",4858979,95,64.4,50
"2014-11-28","AR","South",0,0,"N",2978204,57,64.3,46
"2014-11-28","AZ","West",0,0,"N",6828065,60,51.9,65
"2014-11-28","CA","West",0,0,"L",39144818,251,33.9,79
"2014-11-28","CO","West",0,0,"N",5456574,52,47.3,52
"2014-11-28","CT","Northeast",0,0,"N",3590886,741,42.9,56
"2014-11-28","DC","South",0,0,"N",672228,11000,4.3,69
"2014-11-28","DE","South",0,0,"N",945934,485,44.0,56
"2014-11-28","FL","South",0,0,"N",20271272,378,50.6,62
"2014-11-28","GA","South",0,0,"N",10214860,177,52.7,62
"2014-11-28","HI","West",0,0,"N",1431603,222,32.6,83
"2014-11-28","IA","Midwest",0,0,"N",3123899,55,55.1,27
"2014-11-28","ID","West",0,0,"N",1654930,20,68.3,34
"2014-11-28","IL","Midwest",0,0,"L",12859995,231,41.0,61
"2014-11-28","IN","Midwest",0,0,"N",6619680,184,60.1,37
"2014-11-28","KS","Midwest",0,0,"N",2911641,36,61.1,43
"2014-11-28","KY","South",0,0,"N",4425092,112,65.7,28
"2014-11-28","LA","South",0,0,"N",4670724,108,60.2,55
"2014-11-28","MA","Northeast",0,0,"L",6794422,871,35.3,49
"2014-11-28","MD","South",0,0,"N",6006401,618,36.0,66
"2014-11-28","ME","Northeast",0,0,"N",1329328,43,48.4,13
"2014-11-28","MI","Midwest",0,0,"N",9922576,175,50.1,42
"2014-11-28","MN","Midwest",0,0,"N",5489594,68,49.2,36
"2014-11-28","MO","Midwest",0,0,"L",6083672,88,59.8,36
"2014-11-28","MS","South",0,0,"N",2992333,63,59.1,54
"2014-11-28","MT","West",0,0,"N",1032949,7,61.1,26
"2014-11-28","NC","South",0,0,"N",8382993,212,51.9,56
"2014-11-28","ND","Midwest",0,0,"N",756927,10,69.8,27
"2014-11-28","NE","Midwest",0,0,"N",1896190,24,63.5,36
"2014-11-28","NH","Northeast",0,0,"N",1330608,148,49.8,18
"2014-11-28","NJ","Northeast",0,0,"N",8958013,1218,42.7,67
"2014-11-28","NM","West",0,0,"N",2085109,17,45.3,73
"2014-11-28","NV","West",0,0,"N",2890845,26,48.7,72
"2014-11-28","NY","Northeast",0,0,"L",19795791,420,38.2,70
"2014-11-28","OH","Midwest",0,0,"N",11613423,284,54.3,36
"2014-11-28","OK","South",0,0,"N",3911338,57,69.3,56
"2014-11-28","OR","West",0,0,"N",4028977,41,43.8,43
"2014-11-28","PA","Northeast",0,0,"N",12802503,286,50.4,41
"2014-11-28","RI","Northeast",0,0,"N",1056298,1021,41.7,51
"2014-11-28","SC","South",0,0,"N",4896146,162,57.5,53
"2014-11-28","SD","Midwest",0,0,"N",858469,11,66.0,33
"2014-11-28","TN","South",0,0,"N",6600299,160,63.6,43
"2014-11-28","TX","South",0,0,"N",27469114,105,54.7,70
"2014-11-28","UT","West",0,0,"N",2995919,36,62.4,42
"2014-11-28","VA","South",1,20,"N",10042802,206,47.2,58
"2014-11-28","VT","Northeast",0,0,"N",626042,67,34.8,13
"2014-11-28","WA","West",0,0,"L",7170351,107,41.2,53
"2014-11-28","WI","Midwest",0,0,"N",5771337,106,50.4,35
"2014-11-28","WV","South",0,0,"N",1844128,76,72.2,15
"2014-11-28","WY","West",0,0,"N",586107,6,75.7,31
"2014-11-29","AK","West",0,0,"N",738432,1,58.4,61
"2014-11-29","AL","South",0,0,"N",4858979,95,64.4,50
"2014-11-29","AR","South",0,0,"N",2978204,57,64.3,46
"2014-11-29","AZ","West",0,0,"N",6828065,60,51.9,65
"2014-11-29","CA","West",0,0,"L",39144818,251,33.9,79
"2014-11-29","CO","West",0,0,"L",5456574,52,47.3,52
"2014-11-29","CT","Northeast",0,0,"N",3590886,741,42.9,56
"2014-11-29","DC","South",0,0,"L",672228,11000,4.3,69
"2014-11-29","DE","South",0,0,"N",945934,485,44.0,56
"2014-11-29","FL","South",0,0,"N",20271272,378,50.6,62
"2014-11-29","GA","South",0,0,"N",10214860,177,52.7,62
"2014-11-29","HI","West",0,0,"N",1431603,222,32.6,83
"2014-11-29","IA","Midwest",0,0,"N",3123899,55,55.1,27
"2014-11-29","ID","West",0,0,"L",1654930,20,68.3,34
"2014-11-29","IL","Midwest",0,0,"L",12859995,231,41.0,61
"2014-11-29","IN","Midwest",0,0,"N",6619680,184,60.1,37
"2014-11-29","KS","Midwest",0,0,"N",2911641,36,61.1,43
"2014-11-29","KY","South",0,0,"N",4425092,112,65.7,28
"2014-11-29","LA","South",0,0,"N",4670724,108,60.2,55
"2014-11-29","MA","Northeast",0,0,"N",6794422,871,35.3,49
"2014-11-29","MD","South",0,0,"N",6006401,618,36.0,66
"2014-11-29","ME","Northeast",0,0,"N",1329328,43,48.4,13
"2014-11-29","MI","Midwest",0,0,"N",9922576,175,50.1,42
"2014-11-29","MN","Midwest",0,0,"N",5489594,68,49.2,36
"2014-11-29","MO","Midwest",0,0,"L",6083672,88,59.8,36
"2014-11-29","MS","South",0,0,"N",2992333,63,59.1,54
"2014-11-29","MT","West",0,0,"N",1032949,7,61.1,26
"2014-11-29","NC","South",0,0,"N",8382993,212,51.9,56
"2014-11-29","ND","Midwest",0,0,"N",756927,10,69.8,27
"2014-11-29","NE","Midwest",0,0,"N",1896190,24,63.5,36
"2014-11-29","NH","Northeast",0,0,"N",1330608,148,49.8,18
"2014-11-29","NJ","Northeast",0,0,"N",8958013,1218,42.7,67
"2014-11-29","NM","West",0,0,"N",2085109,17,45.3,73
"2014-11-29","NV","West",0,0,"N",2890845,26,48.7,72
"2014-11-29","NY","Northeast",0,0,"N",19795791,420,38.2,70
"2014-11-29","OH","Midwest",0,0,"N",11613423,284,54.3,36
"2014-11-29","OK","South",0,0,"N",3911338,57,69.3,56
"2014-11-29","OR","West",0,0,"L",4028977,41,43.8,43
"2014-11-29","PA","Northeast",0,0,"N",12802503,286,50.4,41
"2014-11-29","RI","Northeast",0,0,"N",1056298,1021,41.7,51
"2014-11-29","SC","South",0,0,"N",4896146,162,57.5,53
"2014-11-29","SD","Midwest",0,0,"N",858469,11,66.0,33
"2014-11-29","TN","South",0,0,"N",6600299,160,63.6,43
"2014-11-29","TX","South",0,0,"N",27469114,105,54.7,70
"2014-11-29","UT","West",0,0,"N",2995919,36,62.4,42
"2014-11-29","VA","South",1,20,"N",10042802,206,47.2,58
"2014-11-29","VT","Northeast",0,0,"N",626042,67,34.8,13
"2014-11-29","WA","West",0,0,"L",7170351,107,41.2,53
"2014-11-29","WI","Midwest",0,0,"N",5771337,106,50.4,35
"2014-11-29","WV","South",0,0,"N",1844128,76,72.2,15
"2014-11-29","WY","West",0,0,"N",586107,6,75.7,31
"2014-11-30","AK","West",0,0,"N",738432,1,58.4,61
"2014-11-30","AL","South",0,0,"N",4858979,95,64.4,50
"2014-11-30","AR","South",0,0,"N",2978204,57,64.3,46
"2014-11-30","AZ","West",0,0,"N",6828065,60,51.9,65
"2014-11-30","CA","West",0,0,"L",39144818,251,33.9,79
"2014-11-30","CO","West",0,0,"N",5456574,52,47.3,52
"2014-11-30","CT","Northeast",0,0,"N",3590886,741,42.9,56
"2014-11-30","DC","South",0,0,"L",672228,11000,4.3,69
"2014-11-30","DE","South",0,0,"N",945934,485,44.0,56
"2014-11-30","FL","South",0,0,"N",20271272,378,50.6,62
"2014-11-30","GA","South",0,0,"N",10214860,177,52.7,62
"2014-11-30","HI","West",0,0,"N",1431603,222,32.6,83
"2014-11-30","IA","Midwest",0,0,"N",3123899,55,55.1,27
"2014-11-30","ID","West",0,0,"N",1654930,20,68.3,34
"2014-11-30","IL","Midwest",0,0,"N",12859995,231,41.0,61
"2014-11-30","IN","Midwest",0,0,"N",6619680,184,60.1,37
"2014-11-30","KS","Midwest",0,0,"N",2911641,36,61.1,43
"2014-11-30","KY","South",0,0,"N",4425092,112,65.7,28
"2014-11-30","LA","South",0,0,"L",4670724,108,60.2,55
"2014-11-30","MA","Northeast",0,0,"N",6794422,871,35.3,49
"2014-11-30","MD","South",0,0,"N",6006401,618,36.0,66
"2014-11-30","ME","Northeast",0,0,"N",1329328,43,48.4,13
"2014-11-30","MI","Midwest",0,0,"N",9922576,175,50.1,42
"2014-11-30","MN","Midwest",0,0,"N",5489594,68,49.2,36
"2014-11-30","MO","Midwest",0,0,"L",6083672,88,59.8,36
"2014-11-30","MS","South",0,0,"N",2992333,63,59.1,54
"2014-11-30","MT","West",0,0,"N",1032949,7,61.1,26
"2014-11-30","NC","South",0,0,"N",8382993,212,51.9,56
"2014-11-30","ND","Midwest",0,0,"N",756927,10,69.8,27
"2014-11-30","NE","Midwest",0,0,"N",1896190,24,63.5,36
"2014-11-30","NH","Northeast",0,0,"N",1330608,148,49.8,18
"2014-11-30","NJ","Northeast",0,0,"N",8958013,1218,42.7,67
"2014-11-30","NM","West",0,0,"N",2085109,17,45.3,73
"2014-11-30","NV","West",0,0,"N",2890845,26,48.7,72
"2014-11-30","NY","Northeast",0,0,"L",19795791,420,38.2,70
"2014-11-30","OH","Midwest",0,0,"N",11613423,284,54.3,36
"2014-11-30","OK","South",0,0,"N",3911338,57,69.3,56
"2014-11-30","OR","West",0,0,"N",4028977,41,43.8,43
"2014-11-30","PA","Northeast",0,0,"N",12802503,286,50.4,41
"2014-11-30","RI","Northeast",0,0,"N",1056298,1021,41.7,51
"2014-11-30","SC","South",0,0,"N",4896146,162,57.5,53
"2014-11-30","SD","Midwest",0,0,"N",858469,11,66.0,33
"2014-11-30","TN","South",0,0,"N",6600299,160,63.6,43
"2014-11-30","TX","South",0,0,"N",27469114,105,54.7,70
"2014-11-30","UT","West",0,0,"N",2995919,36,62.4,42
"2014-11-30","VA","South",1,20,"N",10042802,206,47.2,58
"2014-11-30","VT","Northeast",0,0,"N",626042,67,34.8,13
"2014-11-30","WA","West",0,0,"N",7170351,107,41.2,53
"2014-11-30","WI","Midwest",0,0,"N",5771337,106,50.4,35
"2014-11-30","WV","South",0,0,"N",1844128,76,72.2,15
"2014-11-30","WY","West",0,0,"N",586107,6,75.7,31
"2014-12-01","AK","West",0,0,"N",738432,1,58.4,61
"2014-12-01","AL","South",0,0,"N",4858979,95,64.4,50
"2014-12-01","AR","South",0,0,"N",2978204,57,64.3,46
"2014-12-01","AZ","West",0,0,"N",6828065,60,51.9,65
"2014-12-01","CA","West",0,0,"L",39144818,251,33.9,79
"2014-12-01","CO","West",0,0,"N",5456574,52,47.3,52
"2014-12-01","CT","Northeast",0,0,"N",3590886,741,42.9,56
"2014-12-01","DC","South",0,0,"L",672228,11000,4.3,69
"2014-12-01","DE","South",0,0,"N",945934,485,44.0,56
"2014-12-01","FL","South",0,0,"N",20271272,378,50.6,62
"2014-12-01","GA","South",0,0,"N",10214860,177,52.7,62
"2014-12-01","HI","West",0,0,"N",1431603,222,32.6,83
"2014-12-01","IA","Midwest",0,0,"N",3123899,55,55.1,27
"2014-12-01","ID","West",0,0,"N",1654930,20,68.3,34
"2014-12-01","IL","Midwest",0,0,"N",12859995,231,41.0,61
"2014-12-01","IN","Midwest",0,0,"N",6619680,184,60.1,37
"2014-12-01","KS","Midwest",0,0,"N",2911641,36,61.1,43
"2014-12-01","KY","South",0,0,"N",4425092,112,65.7,28
"2014-12-01","LA","South",0,0,"N",4670724,108,60.2,55
"2014-12-01","MA","Northeast",0,0,"L",6794422,871,35.3,49
"2014-12-01","MD","South",0,0,"L",6006401,618,36.0,66
"2014-12-01","ME","Northeast",0,0,"N",1329328,43,48.4,13
"2014-12-01","MI","Midwest",0,0,"N",9922576,175,50.1,42
"2014-12-01","MN","Midwest",0,0,"N",5489594,68,49.2,36
"2014-12-01","MO","Midwest",0,0,"N",6083672,88,59.8,36
"2014-12-01","MS","South",0,0,"N",2992333,63,59.1,54
"2014-12-01","MT","West",0,0,"N",1032949,7,61.1,26
"2014-12-01","NC","South",0,0,"N",8382993,212,51.9,56
"2014-12-01","ND","Midwest",0,0,"N",756927,10,69.8,27
"2014-12-01","NE","Midwest",0,0,"N",1896190,24,63.5,36
"2014-12-01","NH","Northeast",0,0,"N",1330608,148,49.8,18
"2014-12-01","NJ","Northeast",0,0,"N",8958013,1218,42.7,67
"2014-12-01","NM","West",0,0,"N",2085109,17,45.3,73
"2014-12-01","NV","West",0,0,"N",2890845,26,48.7,72
"2014-12-01","NY","Northeast",0,0,"N",19795791,420,38.2,70
"2014-12-01","OH","Midwest",0,0,"N",11613423,284,54.3,36
"2014-12-01","OK","South",0,0,"N",3911338,57,69.3,56
"2014-12-01","OR","West",0,0,"N",4028977,41,43.8,43
"2014-12-01","PA","Northeast",0,0,"N",12802503,286,50.4,41
"2014-12-01","RI","Northeast",0,0,"N",1056298,1021,41.7,51
"2014-12-01","SC","South",0,0,"N",4896146,162,57.5,53
"2014-12-01","SD","Midwest",0,0,"N",858469,11,66.0,33
"2014-12-01","TN","South",0,0,"N",6600299,160,63.6,43
"2014-12-01","TX","South",0,0,"N",27469114,105,54.7,70
"2014-12-01","UT","West",0,0,"N",2995919,36,62.4,42
"2014-12-01","VA","South",1,20,"N",10042802,206,47.2,58
"2014-12-01","VT","Northeast",0,0,"N",626042,67,34.8,13
"2014-12-01","WA","West",0,0,"N",7170351,107,41.2,53
"2014-12-01","WI","Midwest",0,0,"N",5771337,106,50.4,35
"2014-12-01","WV","South",0,0,"N",1844128,76,72.2,15
"2014-12-01","WY","West",0,0,"N",586107,6,75.7,31
"2014-12-02","AK","West",0,0,"N",738432,1,58.4,61
"2014-12-02","AL","South",0,0,"N",4858979,95,64.4,50
"2014-12-02","AR","South",0,0,"N",2978204,57,64.3,46
"2014-12-02","AZ","West",0,0,"N",6828065,60,51.9,65
"2014-12-02","CA","West",0,0,"N",39144818,251,33.9,79
"2014-12-02","CO","West",0,0,"N",5456574,52,47.3,52
"2014-12-02","CT","Northeast",0,0,"N",3590886,741,42.9,56
"2014-12-02","DC","South",0,0,"N",672228,11000,4.3,69
"2014-12-02","DE","South",0,0,"N",945934,485,44.0,56
"2014-12-02","FL","South",0,0,"N",20271272,378,50.6,62
"2014-12-02","GA","South",0,0,"L",10214860,177,52.7,62
"2014-12-02","HI","West",0,0,"N",1431603,222,32.6,83
"2014-12-02","IA","Midwest",0,0,"N",3123899,55,55.1,27
"2014-12-02","ID","West",0,0,"N",1654930,20,68.3,34
"2014-12-02","IL","Midwest",0,0,"N",12859995,231,41.0,61
"2014-12-02","IN","Midwest",0,0,"N",6619680,184,60.1,37
"2014-12-02","KS","Midwest",0,0,"N",2911641,36,61.1,43
"2014-12-02","KY","South",0,0,"N",4425092,112,65.7,28
"2014-12-02","LA","South",0,0,"N",4670724,108,60.2,55
"2014-12-02","MA","Northeast",0,0,"N",6794422,871,35.3,49
"2014-12-02","MD","South",0,0,"N",6006401,618,36.0,66
"2014-12-02","ME","Northeast",0,0,"N",1329328,43,48.4,13
"2014-12-02","MI","Midwest",0,0,"N",9922576,175,50.1,42
"2014-12-02","MN","Midwest",0,0,"N",5489594,68,49.2,36
"2014-12-02","MO","Midwest",0,0,"L",6083672,88,59.8,36
"2014-12-02","MS","South",0,0,"N",2992333,63,59.1,54
"2014-12-02","MT","West",0,0,"N",1032949,7,61.1,26
"2014-12-02","NC","South",0,0,"N",8382993,212,51.9,56
"2014-12-02","ND","Midwest",0,0,"N",756927,10,69.8,27
"2014-12-02","NE","Midwest",0,0,"N",1896190,24,63.5,36
"2014-12-02","NH","Northeast",0,0,"N",1330608,148,49.8,18
"2014-12-02","NJ","Northeast",0,0,"N",8958013,1218,42.7,67
"2014-12-02","NM","West",0,0,"N",2085109,17,45.3,73
"2014-12-02","NV","West",0,0,"N",2890845,26,48.7,72
"2014-12-02","NY","Northeast",0,0,"N",19795791,420,38.2,70
"2014-12-02","OH","Midwest",0,0,"N",11613423,284,54.3,36
"2014-12-02","OK","South",0,0,"N",3911338,57,69.3,56
"2014-12-02","OR","West",0,0,"N",4028977,41,43.8,43
"2014-12-02","PA","Northeast",0,0,"L",12802503,286,50.4,41
"2014-12-02","RI","Northeast",0,0,"N",1056298,1021,41.7,51
"2014-12-02","SC","South",0,0,"N",4896146,162,57.5,53
"2014-12-02","SD","Midwest",0,0,"N",858469,11,66.0,33
"2014-12-02","TN","South",0,0,"N",6600299,160,63.6,43
"2014-12-02","TX","South",0,0,"N",27469114,105,54.7,70
"2014-12-02","UT","West",0,0,"N",2995919,36,62.4,42
"2014-12-02","VA","South",1,20,"N",10042802,206,47.2,58
"2014-12-02","VT","Northeast",0,0,"N",626042,67,34.8,13
"2014-12-02","WA","West",0,0,"N",7170351,107,41.2,53
"2014-12-02","WI","Midwest",0,0,"N",5771337,106,50.4,35
"2014-12-02","WV","South",0,0,"N",1844128,76,72.2,15
"2014-12-02","WY","West",0,0,"N",586107,6,75.7,31
"2014-12-03","AK","West",0,0,"N",738432,1,58.4,61
"2014-12-03","AL","South",0,0,"N",4858979,95,64.4,50
"2014-12-03","AR","South",0,0,"N",2978204,57,64.3,46
"2014-12-03","AZ","West",0,0,"N",6828065,60,51.9,65
"2014-12-03","CA","West",0,0,"L",39144818,251,33.9,79
"2014-12-03","CO","West",0,0,"L",5456574,52,47.3,52
"2014-12-03","CT","Northeast",0,0,"N",3590886,741,42.9,56
"2014-12-03","DC","South",0,0,"L",672228,11000,4.3,69
"2014-12-03","DE","South",0,0,"N",945934,485,44.0,56
"2014-12-03","FL","South",0,0,"N",20271272,378,50.6,62
"2014-12-03","GA","South",0,0,"L",10214860,177,52.7,62
"2014-12-03","HI","West",0,0,"N",1431603,222,32.6,83
"2014-12-03","IA","Midwest",0,0,"N",3123899,55,55.1,27
"2014-12-03","ID","West",0,0,"N",1654930,20,68.3,34
"2014-12-03","IL","Midwest",0,0,"N",12859995,231,41.0,61
"2014-12-03","IN","Midwest",0,0,"N",6619680,184,60.1,37
"2014-12-03","KS","Midwest",0,0,"N",2911641,36,61.1,43
"2014-12-03","KY","South",0,0,"N",4425092,112,65.7,28
"2014-12-03","LA","South",0,0,"N",4670724,108,60.2,55
"2014-12-03","MA","Northeast",0,0,"N",6794422,871,35.3,49
"2014-12-03","MD","South",0,0,"N",6006401,618,36.0,66
"2014-12-03","ME","Northeast",0,0,"N",1329328,43,48.4,13
"2014-12-03","MI","Midwest",0,0,"N",9922576,175,50.1,42
"2014-12-03","MN","Midwest",0,0,"N",5489594,68,49.2,36
"2014-12-03","MO","Midwest",0,0,"L",6083672,88,59.8,36
"2014-12-03","MS","South",0,0,"N",2992333,63,59.1,54
"2014-12-03","MT","West",0,0,"N",1032949,7,61.1,26
"2014-12-03","NC","South",0,0,"N",8382993,212,51.9,56
"2014-12-03","ND","Midwest",0,0,"N",756927,10,69.8,27
"2014-12-03","NE","Midwest",0,0,"N",1896190,24,63.5,36
"2014-12-03","NH","Northeast",0,0,"N",1330608,148,49.8,18
"2014-12-03","NJ","Northeast",0,0,"N",8958013,1218,42.7,67
"2014-12-03","NM","West",0,0,"N",2085109,17,45.3,73
"2014-12-03","NV","West",0,0,"N",2890845,26,48.7,72
"2014-12-03","NY","Northeast",0,0,"L",19795791,420,38.2,70
"2014-12-03","OH","Midwest",0,0,"N",11613423,284,54.3,36
"2014-12-03","OK","South",0,0,"N",3911338,57,69.3,56
"2014-12-03","OR","West",0,0,"N",4028977,41,43.8,43
"2014-12-03","PA","Northeast",0,0,"L",12802503,286,50.4,41
"2014-12-03","RI","Northeast",0,0,"N",1056298,1021,41.7,51
"2014-12-03","SC","South",0,0,"N",4896146,162,57.5,53
"2014-12-03","SD","Midwest",0,0,"N",858469,11,66.0,33
"2014-12-03","TN","South",0,0,"N",6600299,160,63.6,43
"2014-12-03","TX","South",0,0,"N",27469114,105,54.7,70
"2014-12-03","UT","West",0,0,"N",2995919,36,62.4,42
"2014-12-03","VA","South",1,20,"L",10042802,206,47.2,58
"2014-12-03","VT","Northeast",0,0,"N",626042,67,34.8,13
"2014-12-03","WA","West",0,0,"N",7170351,107,41.2,53
"2014-12-03","WI","Midwest",0,0,"N",5771337,106,50.4,35
"2014-12-03","WV","South",0,0,"N",1844128,76,72.2,15
"2014-12-03","WY","West",0,0,"N",586107,6,75.7,31
"2014-12-04","AK","West",0,0,"N",738432,1,58.4,61
"2014-12-04","AL","South",0,0,"N",4858979,95,64.4,50
"2014-12-04","AR","South",0,0,"N",2978204,57,64.3,46
"2014-12-04","AZ","West",0,0,"N",6828065,60,51.9,65
"2014-12-04","CA","West",0,0,"N",39144818,251,33.9,79
"2014-12-04","CO","West",0,0,"N",5456574,52,47.3,52
"2014-12-04","CT","Northeast",0,0,"N",3590886,741,42.9,56
"2014-12-04","DC","South",0,0,"N",672228,11000,4.3,69
"2014-12-04","DE","South",0,0,"N",945934,485,44.0,56
"2014-12-04","FL","South",0,0,"N",20271272,378,50.6,62
"2014-12-04","GA","South",0,0,"N",10214860,177,52.7,62
"2014-12-04","HI","West",0,0,"N",1431603,222,32.6,83
"2014-12-04","IA","Midwest",0,0,"N",3123899,55,55.1,27
"2014-12-04","ID","West",0,0,"N",1654930,20,68.3,34
"2014-12-04","IL","Midwest",0,0,"N",12859995,231,41.0,61
"2014-12-04","IN","Midwest",0,0,"N",6619680,184,60.1,37
"2014-12-04","KS","Midwest",0,0,"N",2911641,36,61.1,43
"2014-12-04","KY","South",0,0,"N",4425092,112,65.7,28
"2014-12-04","LA","South",0,0,"N",4670724,108,60.2,55
"2014-12-04","MA","Northeast",0,0,"N",6794422,871,35.3,49
"2014-12-04","MD","South",0,0,"N",6006401,618,36.0,66
"2014-12-04","ME","Northeast",0,0,"N",1329328,43,48.4,13
"2014-12-04","MI","Midwest",0,0,"N",9922576,175,50.1,42
"2014-12-04","MN","Midwest",0,0,"N",5489594,68,49.2,36
"2014-12-04","MO","Midwest",0,0,"N",6083672,88,59.8,36
"2014-12-04","MS","South",0,0,"N",2992333,63,59.1,54
"2014-12-04","MT","West",0,0,"N",1032949,7,61.1,26
"2014-12-04","NC","South",0,0,"N",8382993,212,51.9,56
"2014-12-04","ND","Midwest",0,0,"N",756927,10,69.8,27
"2014-12-04","NE","Midwest",0,0,"N",1896190,24,63.5,36
"2014-12-04","NH","Northeast",0,0,"N",1330608,148,49.8,18
"2014-12-04","NJ","Northeast",0,0,"N",8958013,1218,42.7,67
"2014-12-04","NM","West",0,0,"N",2085109,17,45.3,73
"2014-12-04","NV","West",0,0,"N",2890845,26,48.7,72
"2014-12-04","NY","Northeast",0,0,"N",19795791,420,38.2,70
"2014-12-04","OH","Midwest",0,0,"N",11613423,284,54.3,36
"2014-12-04","OK","South",0,0,"N",3911338,57,69.3,56
"2014-12-04","OR","West",0,0,"N",4028977,41,43.8,43
"2014-12-04","PA","Northeast",0,0,"N",12802503,286,50.4,41
"2014-12-04","RI","Northeast",0,0,"N",1056298,1021,41.7,51
"2014-12-04","SC","South",0,0,"N",4896146,162,57.5,53
"2014-12-04","SD","Midwest",0,0,"N",858469,11,66.0,33
"2014-12-04","TN","South",0,0,"N",6600299,160,63.6,43
"2014-12-04","TX","South",0,0,"N",27469114,105,54.7,70
"2014-12-04","UT","West",0,0,"N",2995919,36,62.4,42
"2014-12-04","VA","South",1,20,"N",10042802,206,47.2,58
"2014-12-04","VT","Northeast",0,0,"N",626042,67,34.8,13
"2014-12-04","WA","West",0,0,"N",7170351,107,41.2,53
"2014-12-04","WI","Midwest",0,0,"N",5771337,106,50.4,35
"2014-12-04","WV","South",0,0,"N",1844128,76,72.2,15
"2014-12-04","WY","West",0,0,"N",586107,6,75.7,31
"2014-12-05","AK","West",0,0,"N",738432,1,58.4,61
"2014-12-05","AL","South",0,0,"N",4858979,95,64.4,50
"2014-12-05","AR","South",0,0,"N",2978204,57,64.3,46
"2014-12-05","AZ","West",0,0,"N",6828065,60,51.9,65
"2014-12-05","CA","West",0,0,"L",39144818,251,33.9,79
"2014-12-05","CO","West",0,0,"L",5456574,52,47.3,52
"2014-12-05","CT","Northeast",0,0,"L",3590886,741,42.9,56
"2014-12-05","DC","South",0,0,"N",672228,11000,4.3,69
"2014-12-05","DE","South",0,0,"N",945934,485,44.0,56
"2014-12-05","FL","South",0,0,"L",20271272,378,50.6,62
"2014-12-05","GA","South",0,0,"N",10214860,177,52.7,62
"2014-12-05","HI","West",0,0,"N",1431603,222,32.6,83
"2014-12-05","IA","Midwest",0,0,"N",3123899,55,55.1,27
"2014-12-05","ID","West",0,0,"N",1654930,20,68.3,34
"2014-12-05","IL","Midwest",0,0,"N",12859995,231,41.0,61
"2014-12-05","IN","Midwest",0,0,"N",6619680,184,60.1,37
"2014-12-05","KS","Midwest",0,0,"N",2911641,36,61.1,43
"2014-12-05","KY","South",0,0,"N",4425092,112,65.7,28
"2014-12-05","LA","South",0,0,"N",4670724,108,60.2,55
"2014-12-05","MA","Northeast",0,0,"N",6794422,871,35.3,49
"2014-12-05","MD","South",0,0,"N",6006401,618,36.0,66
"2014-12-05","ME","Northeast",0,0,"N",1329328,43,48.4,13
"2014-12-05","MI","Midwest",0,0,"N",9922576,175,50.1,42
"2014-12-05","MN","Midwest",0,0,"N",5489594,68,49.2,36
"2014-12-05","MO","Midwest",0,0,"L",6083672,88,59.8,36
"2014-12-05","MS","South",0,0,"N",2992333,63,59.1,54
"2014-12-05","MT","West",0,0,"N",1032949,7,61.1,26
"2014-12-05","NC","South",0,0,"N",8382993,212,51.9,56
"2014-12-05","ND","Midwest",0,0,"N",756927,10,69.8,27
"2014-12-05","NE","Midwest",0,0,"N",1896190,24,63.5,36
"2014-12-05","NH","Northeast",0,0,"N",1330608,148,49.8,18
"2014-12-05","NJ","Northeast",0,0,"L",8958013,1218,42.7,67
"2014-12-05","NM","West",0,0,"N",2085109,17,45.3,73
"2014-12-05","NV","West",0,0,"N",2890845,26,48.7,72
"2014-12-05","NY","Northeast",0,0,"L",19795791,420,38.2,70
"2014-12-05","OH","Midwest",0,0,"N",11613423,284,54.3,36
"2014-12-05","OK","South",0,0,"N",3911338,57,69.3,56
"2014-12-05","OR","West",0,0,"N",4028977,41,43.8,43
"2014-12-05","PA","Northeast",0,0,"N",12802503,286,50.4,41
"2014-12-05","RI","Northeast",0,0,"L",1056298,1021,41.7,51
"2014-12-05","SC","South",0,0,"N",4896146,162,57.5,53
"2014-12-05","SD","Midwest",0,0,"N",858469,11,66.0,33
"2014-12-05","TN","South",0,0,"N",6600299,160,63.6,43
"2014-12-05","TX","South",0,0,"N",27469114,105,54.7,70
"2014-12-05","UT","West",0,0,"N",2995919,36,62.4,42
"2014-12-05","VA","South",1,20,"N",10042802,206,47.2,58
"2014-12-05","VT","Northeast",0,0,"N",626042,67,34.8,13
"2014-12-05","WA","West",0,0,"N",7170351,107,41.2,53
"2014-12-05","WI","Midwest",0,0,"N",5771337,106,50.4,35
"2014-12-05","WV","South",0,0,"N",1844128,76,72.2,15
"2014-12-05","WY","West",0,0,"N",586107,6,75.7,31
"2014-12-06","AK","West",0,0,"L",738432,1,58.4,61
"2014-12-06","AL","South",0,0,"N",4858979,95,64.4,50
"2014-12-06","AR","South",0,0,"N",2978204,57,64.3,46
"2014-12-06","AZ","West",0,0,"N",6828065,60,51.9,65
"2014-12-06","CA","West",0,0,"L",39144818,251,33.9,79
"2014-12-06","CO","West",0,0,"L",5456574,52,47.3,52
"2014-12-06","CT","Northeast",0,0,"N",3590886,741,42.9,56
"2014-12-06","DC","South",0,0,"N",672228,11000,4.3,69
"2014-12-06","DE","South",0,0,"N",945934,485,44.0,56
"2014-12-06","FL","South",0,0,"N",20271272,378,50.6,62
"2014-12-06","GA","South",0,0,"N",10214860,177,52.7,62
"2014-12-06","HI","West",0,0,"N",1431603,222,32.6,83
"2014-12-06","IA","Midwest",0,0,"N",3123899,55,55.1,27
"2014-12-06","ID","West",0,0,"N",1654930,20,68.3,34
"2014-12-06","IL","Midwest",0,0,"L",12859995,231,41.0,61
"2014-12-06","IN","Midwest",0,0,"L",6619680,184,60.1,37
"2014-12-06","KS","Midwest",0,0,"N",2911641,36,61.1,43
"2014-12-06","KY","South",0,0,"N",4425092,112,65.7,28
"2014-12-06","LA","South",0,0,"N",4670724,108,60.2,55
"2014-12-06","MA","Northeast",0,0,"N",6794422,871,35.3,49
"2014-12-06","MD","South",0,0,"N",6006401,618,36.0,66
"2014-12-06","ME","Northeast",0,0,"N",1329328,43,48.4,13
"2014-12-06","MI","Midwest",0,0,"N",9922576,175,50.1,42
"2014-12-06","MN","Midwest",0,0,"N",5489594,68,49.2,36
"2014-12-06","MO","Midwest",0,0,"N",6083672,88,59.8,36
"2014-12-06","MS","South",0,0,"N",2992333,63,59.1,54
"2014-12-06","MT","West",0,0,"N",1032949,7,61.1,26
"2014-12-06","NC","South",0,0,"N",8382993,212,51.9,56
"2014-12-06","ND","Midwest",0,0,"N",756927,10,69.8,27
"2014-12-06","NE","Midwest",0,0,"N",1896190,24,63.5,36
"2014-12-06","NH","Northeast",0,0,"N",1330608,148,49.8,18
"2014-12-06","NJ","Northeast",0,0,"N",8958013,1218,42.7,67
"2014-12-06","NM","West",0,0,"N",2085109,17,45.3,73
"2014-12-06","NV","West",0,0,"N",2890845,26,48.7,72
"2014-12-06","NY","Northeast",0,0,"N",19795791,420,38.2,70
"2014-12-06","OH","Midwest",0,0,"N",11613423,284,54.3,36
"2014-12-06","OK","South",0,0,"N",3911338,57,69.3,56
"2014-12-06","OR","West",0,0,"L",4028977,41,43.8,43
"2014-12-06","PA","Northeast",0,0,"N",12802503,286,50.4,41
"2014-12-06","RI","Northeast",0,0,"L",1056298,1021,41.7,51
"2014-12-06","SC","South",0,0,"N",4896146,162,57.5,53
"2014-12-06","SD","Midwest",0,0,"N",858469,11,66.0,33
"2014-12-06","TN","South",0,0,"N",6600299,160,63.6,43
"2014-12-06","TX","South",0,0,"L",27469114,105,54.7,70
"2014-12-06","UT","West",0,0,"N",2995919,36,62.4,42
"2014-12-06","VA","South",1,20,"N",10042802,206,47.2,58
"2014-12-06","VT","Northeast",0,0,"N",626042,67,34.8,13
"2014-12-06","WA","West",0,0,"N",7170351,107,41.2,53
"2014-12-06","WI","Midwest",0,0,"N",5771337,106,50.4,35
"2014-12-06","WV","South",0,0,"N",1844128,76,72.2,15
"2014-12-06","WY","West",0,0,"N",586107,6,75.7,31
"2014-12-07","AK","West",0,0,"N",738432,1,58.4,61
"2014-12-07","AL","South",0,0,"N",4858979,95,64.4,50
"2014-12-07","AR","South",0,0,"N",2978204,57,64.3,46
"2014-12-07","AZ","West",0,0,"N",6828065,60,51.9,65
"2014-12-07","CA","West",0,0,"N",39144818,251,33.9,79
"2014-12-07","CO","West",0,0,"N",5456574,52,47.3,52
"2014-12-07","CT","Northeast",0,0,"N",3590886,741,42.9,56
"2014-12-07","DC","South",0,0,"N",672228,11000,4.3,69
"2014-12-07","DE","South",0,0,"N",945934,485,44.0,56
"2014-12-07","FL","South",0,0,"N",20271272,378,50.6,62
"2014-12-07","GA","South",0,0,"N",10214860,177,52.7,62
"2014-12-07","HI","West",0,0,"N",1431603,222,32.6,83
"2014-12-07","IA","Midwest",0,0,"N",3123899,55,55.1,27
"2014-12-07","ID","West",0,0,"N",1654930,20,68.3,34
"2014-12-07","IL","Midwest",0,0,"L",12859995,231,41.0,61
"2014-12-07","IN","Midwest",0,0,"N",6619680,184,60.1,37
"2014-12-07","KS","Midwest",0,0,"N",2911641,36,61.1,43
"2014-12-07","KY","South",0,0,"N",4425092,112,65.7,28
"2014-12-07","LA","South",0,0,"N",4670724,108,60.2,55
"2014-12-07","MA","Northeast",0,0,"L",6794422,871,35.3,49
"2014-12-07","MD","South",0,0,"N",6006401,618,36.0,66
"2014-12-07","ME","Northeast",0,0,"N",1329328,43,48.4,13
"2014-12-07","MI","Midwest",0,0,"N",9922576,175,50.1,42
"2014-12-07","MN","Midwest",0,0,"N",5489594,68,49.2,36
"2014-12-07","MO","Midwest",0,0,"L",6083672,88,59.8,36
"2014-12-07","MS","South",0,0,"N",2992333,63,59.1,54
"2014-12-07","MT","West",0,0,"N",1032949,7,61.1,26
"2014-12-07","NC","South",0,0,"N",8382993,212,51.9,56
"2014-12-07","ND","Midwest",0,0,"N",756927,10,69.8,27
"2014-12-07","NE","Midwest",0,0,"N",1896190,24,63.5,36
"2014-12-07","NH","Northeast",0,0,"N",1330608,148,49.8,18
"2014-12-07","NJ","Northeast",0,0,"N",8958013,1218,42.7,67
"2014-12-07","NM","West",0,0,"N",2085109,17,45.3,73
"2014-12-07","NV","West",0,0,"N",2890845,26,48.7,72
"2014-12-07","NY","Northeast",0,0,"N",19795791,420,38.2,70
"2014-12-07","OH","Midwest",0,0,"N",11613423,284,54.3,36
"2014-12-07","OK","South",0,0,"N",3911338,57,69.3,56
"2014-12-07","OR","West",0,0,"N",4028977,41,43.8,43
"2014-12-07","PA","Northeast",0,0,"N",12802503,286,50.4,41
"2014-12-07","RI","Northeast",0,0,"N",1056298,1021,41.7,51
"2014-12-07","SC","South",0,0,"N",4896146,162,57.5,53
"2014-12-07","SD","Midwest",0,0,"N",858469,11,66.0,33
"2014-12-07","TN","South",0,0,"N",6600299,160,63.6,43
"2014-12-07","TX","South",0,0,"N",27469114,105,54.7,70
"2014-12-07","UT","West",0,0,"N",2995919,36,62.4,42
"2014-12-07","VA","South",1,20,"N",10042802,206,47.2,58
"2014-12-07","VT","Northeast",0,0,"N",626042,67,34.8,13
"2014-12-07","WA","West",0,0,"N",7170351,107,41.2,53
"2014-12-07","WI","Midwest",0,0,"N",5771337,106,50.4,35
"2014-12-07","WV","South",0,0,"N",1844128,76,72.2,15
"2014-12-07","WY","West",0,0,"N",586107,6,75.7,31
"2014-12-08","AK","West",0,0,"N",738432,1,58.4,61
"2014-12-08","AL","South",0,0,"N",4858979,95,64.4,50
"2014-12-08","AR","South",0,0,"N",2978204,57,64.3,46
"2014-12-08","AZ","West",0,0,"N",6828065,60,51.9,65
"2014-12-08","CA","West",0,0,"L",39144818,251,33.9,79
"2014-12-08","CO","West",0,0,"N",5456574,52,47.3,52
"2014-12-08","CT","Northeast",0,0,"N",3590886,741,42.9,56
"2014-12-08","DC","South",0,0,"N",672228,11000,4.3,69
"2014-12-08","DE","South",0,0,"N",945934,485,44.0,56
"2014-12-08","FL","South",0,0,"L",20271272,378,50.6,62
"2014-12-08","GA","South",0,0,"N",10214860,177,52.7,62
"2014-12-08","HI","West",0,0,"N",1431603,222,32.6,83
"2014-12-08","IA","Midwest",0,0,"N",3123899,55,55.1,27
"2014-12-08","ID","West",0,0,"N",1654930,20,68.3,34
"2014-12-08","IL","Midwest",0,0,"N",12859995,231,41.0,61
"2014-12-08","IN","Midwest",0,0,"N",6619680,184,60.1,37
"2014-12-08","KS","Midwest",0,0,"N",2911641,36,61.1,43
"2014-12-08","KY","South",0,0,"N",4425092,112,65.7,28
"2014-12-08","LA","South",0,0,"N",4670724,108,60.2,55
"2014-12-08","MA","Northeast",0,0,"N",6794422,871,35.3,49
"2014-12-08","MD","South",0,0,"N",6006401,618,36.0,66
"2014-12-08","ME","Northeast",0,0,"N",1329328,43,48.4,13
"2014-12-08","MI","Midwest",0,0,"N",9922576,175,50.1,42
"2014-12-08","MN","Midwest",0,0,"N",5489594,68,49.2,36
"2014-12-08","MO","Midwest",0,0,"N",6083672,88,59.8,36
"2014-12-08","MS","South",0,0,"N",2992333,63,59.1,54
"2014-12-08","MT","West",0,0,"N",1032949,7,61.1,26
"2014-12-08","NC","South",0,0,"N",8382993,212,51.9,56
"2014-12-08","ND","Midwest",0,0,"N",756927,10,69.8,27
"2014-12-08","NE","Midwest",0,0,"N",1896190,24,63.5,36
"2014-12-08","NH","Northeast",0,0,"N",1330608,148,49.8,18
"2014-12-08","NJ","Northeast",0,0,"N",8958013,1218,42.7,67
"2014-12-08","NM","West",0,0,"N",2085109,17,45.3,73
"2014-12-08","NV","West",0,0,"N",2890845,26,48.7,72
"2014-12-08","NY","Northeast",0,0,"L",19795791,420,38.2,70
"2014-12-08","OH","Midwest",0,0,"N",11613423,284,54.3,36
"2014-12-08","OK","South",0,0,"N",3911338,57,69.3,56
"2014-12-08","OR","West",0,0,"N",4028977,41,43.8,43
"2014-12-08","PA","Northeast",0,0,"L",12802503,286,50.4,41
"2014-12-08","RI","Northeast",0,0,"N",1056298,1021,41.7,51
"2014-12-08","SC","South",0,0,"N",4896146,162,57.5,53
"2014-12-08","SD","Midwest",0,0,"N",858469,11,66.0,33
"2014-12-08","TN","South",0,0,"N",6600299,160,63.6,43
"2014-12-08","TX","South",0,0,"N",27469114,105,54.7,70
"2014-12-08","UT","West",0,0,"N",2995919,36,62.4,42
"2014-12-08","VA","South",1,20,"N",10042802,206,47.2,58
"2014-12-08","VT","Northeast",0,0,"N",626042,67,34.8,13
"2014-12-08","WA","West",0,0,"N",7170351,107,41.2,53
"2014-12-08","WI","Midwest",0,0,"L",5771337,106,50.4,35
"2014-12-08","WV","South",0,0,"N",1844128,76,72.2,15
"2014-12-08","WY","West",0,0,"N",586107,6,75.7,31
"2014-12-09","AK","West",0,0,"N",738432,1,58.4,61
"2014-12-09","AL","South",0,0,"N",4858979,95,64.4,50
"2014-12-09","AR","South",0,0,"N",2978204,57,64.3,46
"2014-12-09","AZ","West",0,0,"N",6828065,60,51.9,65
"2014-12-09","CA","West",0,0,"L",39144818,251,33.9,79
"2014-12-09","CO","West",0,0,"N",5456574,52,47.3,52
"2014-12-09","CT","Northeast",0,0,"N",3590886,741,42.9,56
"2014-12-09","DC","South",0,0,"N",672228,11000,4.3,69
"2014-12-09","DE","South",0,0,"N",945934,485,44.0,56
"2014-12-09","FL","South",0,0,"N",20271272,378,50.6,62
"2014-12-09","GA","South",0,0,"N",10214860,177,52.7,62
"2014-12-09","HI","West",0,0,"N",1431603,222,32.6,83
"2014-12-09","IA","Midwest",0,0,"N",3123899,55,55.1,27
"2014-12-09","ID","West",0,0,"N",1654930,20,68.3,34
"2014-12-09","IL","Midwest",0,0,"L",12859995,231,41.0,61
"2014-12-09","IN","Midwest",0,0,"N",6619680,184,60.1,37
"2014-12-09","KS","Midwest",0,0,"N",2911641,36,61.1,43
"2014-12-09","KY","South",0,0,"N",4425092,112,65.7,28
"2014-12-09","LA","South",0,0,"N",4670724,108,60.2,55
"2014-12-09","MA","Northeast",0,0,"N",6794422,871,35.3,49
"2014-12-09","MD","South",0,0,"L",6006401,618,36.0,66
"2014-12-09","ME","Northeast",0,0,"N",1329328,43,48.4,13
"2014-12-09","MI","Midwest",0,0,"N",9922576,175,50.1,42
"2014-12-09","MN","Midwest",0,0,"N",5489594,68,49.2,36
"2014-12-09","MO","Midwest",0,0,"N",6083672,88,59.8,36
"2014-12-09","MS","South",0,0,"N",2992333,63,59.1,54
"2014-12-09","MT","West",0,0,"N",1032949,7,61.1,26
"2014-12-09","NC","South",0,0,"N",8382993,212,51.9,56
"2014-12-09","ND","Midwest",0,0,"N",756927,10,69.8,27
"2014-12-09","NE","Midwest",0,0,"N",1896190,24,63.5,36
"2014-12-09","NH","Northeast",0,0,"N",1330608,148,49.8,18
"2014-12-09","NJ","Northeast",0,0,"N",8958013,1218,42.7,67
"2014-12-09","NM","West",0,0,"N",2085109,17,45.3,73
"2014-12-09","NV","West",0,0,"N",2890845,26,48.7,72
"2014-12-09","NY","Northeast",0,0,"L",19795791,420,38.2,70
"2014-12-09","OH","Midwest",0,0,"N",11613423,284,54.3,36
"2014-12-09","OK","South",0,0,"N",3911338,57,69.3,56
"2014-12-09","OR","West",0,0,"N",4028977,41,43.8,43
"2014-12-09","PA","Northeast",0,0,"N",12802503,286,50.4,41
"2014-12-09","RI","Northeast",0,0,"N",1056298,1021,41.7,51
"2014-12-09","SC","South",0,0,"N",4896146,162,57.5,53
"2014-12-09","SD","Midwest",0,0,"N",858469,11,66.0,33
"2014-12-09","TN","South",0,0,"N",6600299,160,63.6,43
"2014-12-09","TX","South",0,0,"N",27469114,105,54.7,70
"2014-12-09","UT","West",0,0,"N",2995919,36,62.4,42
"2014-12-09","VA","South",1,20,"N",10042802,206,47.2,58
"2014-12-09","VT","Northeast",0,0,"N",626042,67,34.8,13
"2014-12-09","WA","West",0,0,"N",7170351,107,41.2,53
"2014-12-09","WI","Midwest",0,0,"N",5771337,106,50.4,35
"2014-12-09","WV","South",0,0,"N",1844128,76,72.2,15
"2014-12-09","WY","West",0,0,"N",586107,6,75.7,31
"2014-12-10","AK","West",0,0,"N",738432,1,58.4,61
"2014-12-10","AL","South",0,0,"N",4858979,95,64.4,50
"2014-12-10","AR","South",0,0,"N",2978204,57,64.3,46
"2014-12-10","AZ","West",0,0,"N",6828065,60,51.9,65
"2014-12-10","CA","West",0,0,"N",39144818,251,33.9,79
"2014-12-10","CO","West",0,0,"N",5456574,52,47.3,52
"2014-12-10","CT","Northeast",0,0,"N",3590886,741,42.9,56
"2014-12-10","DC","South",0,0,"L",672228,11000,4.3,69
"2014-12-10","DE","South",0,0,"N",945934,485,44.0,56
"2014-12-10","FL","South",0,0,"N",20271272,378,50.6,62
"2014-12-10","GA","South",0,0,"N",10214860,177,52.7,62
"2014-12-10","HI","West",0,0,"N",1431603,222,32.6,83
"2014-12-10","IA","Midwest",0,0,"N",3123899,55,55.1,27
"2014-12-10","ID","West",0,0,"N",1654930,20,68.3,34
"2014-12-10","IL","Midwest",0,0,"L",12859995,231,41.0,61
"2014-12-10","IN","Midwest",0,0,"N",6619680,184,60.1,37
"2014-12-10","KS","Midwest",0,0,"N",2911641,36,61.1,43
"2014-12-10","KY","South",0,0,"N",4425092,112,65.7,28
"2014-12-10","LA","South",0,0,"N",4670724,108,60.2,55
"2014-12-10","MA","Northeast",0,0,"N",6794422,871,35.3,49
"2014-12-10","MD","South",0,0,"N",6006401,618,36.0,66
"2014-12-10","ME","Northeast",0,0,"N",1329328,43,48.4,13
"2014-12-10","MI","Midwest",0,0,"N",9922576,175,50.1,42
"2014-12-10","MN","Midwest",0,0,"N",5489594,68,49.2,36
"2014-12-10","MO","Midwest",0,0,"N",6083672,88,59.8,36
"2014-12-10","MS","South",0,0,"N",2992333,63,59.1,54
"2014-12-10","MT","West",0,0,"N",1032949,7,61.1,26
"2014-12-10","NC","South",0,0,"N",8382993,212,51.9,56
"2014-12-10","ND","Midwest",0,0,"N",756927,10,69.8,27
"2014-12-10","NE","Midwest",0,0,"N",1896190,24,63.5,36
"2014-12-10","NH","Northeast",0,0,"N",1330608,148,49.8,18
"2014-12-10","NJ","Northeast",0,0,"N",8958013,1218,42.7,67
"2014-12-10","NM","West",0,0,"N",2085109,17,45.3,73
"2014-12-10","NV","West",0,0,"N",2890845,26,48.7,72
"2014-12-10","NY","Northeast",0,0,"N",19795791,420,38.2,70
"2014-12-10","OH","Midwest",0,0,"N",11613423,284,54.3,36
"2014-12-10","OK","South",0,0,"N",3911338,57,69.3,56
"2014-12-10","OR","West",0,0,"N",4028977,41,43.8,43
"2014-12-10","PA","Northeast",0,0,"N",12802503,286,50.4,41
"2014-12-10","RI","Northeast",0,0,"N",1056298,1021,41.7,51
"2014-12-10","SC","South",0,0,"N",4896146,162,57.5,53
"2014-12-10","SD","Midwest",0,0,"N",858469,11,66.0,33
"2014-12-10","TN","South",0,0,"N",6600299,160,63.6,43
"2014-12-10","TX","South",0,0,"N",27469114,105,54.7,70
"2014-12-10","UT","West",0,0,"N",2995919,36,62.4,42
"2014-12-10","VA","South",1,20,"N",10042802,206,47.2,58
"2014-12-10","VT","Northeast",0,0,"N",626042,67,34.8,13
"2014-12-10","WA","West",0,0,"N",7170351,107,41.2,53
"2014-12-10","WI","Midwest",0,0,"N",5771337,106,50.4,35
"2014-12-10","WV","South",0,0,"N",1844128,76,72.2,15
"2014-12-10","WY","West",0,0,"N",586107,6,75.7,31
